model,country,season,run,emissions_kg,energy_kwh,duration_sec,csv_path
Autoformer_Model,Denmark,summer,Autoformer_Model_Denmark_summer_run1,0.0217951218642341,0.0572125524720676,496.8630286999996,C:\Users\anikk\BioNet\to py\Results\emissions\Autoformer_Model\Denmark\summer\Autoformer_Model_Denmark_summer_run1_emissions.csv
Autoformer_Model,Denmark,winter,Autoformer_Model_Denmark_winter_run1,0.0247553430942757,0.0649831817673597,562.1962705,C:\Users\anikk\BioNet\to py\Results\emissions\Autoformer_Model\Denmark\winter\Autoformer_Model_Denmark_winter_run1_emissions.csv
Autoformer_Model,Germany,summer,Autoformer_Model_summer_run1,0.025087150478811,0.0658541815955138,559.9928301999998,C:\Users\anikk\BioNet\to py\Results\emissions\Autoformer_Model\Germany\summer\Autoformer_Model_summer_run1_emissions.csv
Autoformer_Model,Germany,winter,Autoformer_Model_winter_run1,0.0280978507512112,0.0737573192051746,639.2352759999994,C:\Users\anikk\BioNet\to py\Results\emissions\Autoformer_Model\Germany\winter\Autoformer_Model_winter_run1_emissions.csv
Autoformer_Model,Hungary,summer,Autoformer_Model_Hungary_summer_run1,0.0174444965857774,0.0457920897382267,399.342015400005,C:\Users\anikk\BioNet\to py\Results\emissions\Autoformer_Model\Hungary\summer\Autoformer_Model_Hungary_summer_run1_emissions.csv
Autoformer_Model,Hungary,winter,Autoformer_Model_Hungary_winter_run1,0.0218857159455898,0.0574503634219446,504.1492997999958,C:\Users\anikk\BioNet\to py\Results\emissions\Autoformer_Model\Hungary\winter\Autoformer_Model_Hungary_winter_run1_emissions.csv
Autoformer_Model,Spain,summer,Autoformer_Model_Spain_summer_run1,0.0342953384258734,0.0900258260293305,780.5398134999996,C:\Users\anikk\BioNet\to py\Results\emissions\Autoformer_Model\Spain\summer\Autoformer_Model_Spain_summer_run1_emissions.csv
Autoformer_Model,Spain,winter,Autoformer_Model_Spain_winter_run1,0.0227975030928033,0.0598438196424815,523.2340004,C:\Users\anikk\BioNet\to py\Results\emissions\Autoformer_Model\Spain\winter\Autoformer_Model_Spain_winter_run1_emissions.csv
Autoformer_Model_v2,Denmark,summer,Autoformer_Model_v2_Denmark_summer_run1,0.0105756822109831,0.0277613393122014,242.41643160000055,C:\Users\anikk\BioNet\to py\Results\emissions\Autoformer_Model_v2\Denmark\summer\Autoformer_Model_v2_Denmark_summer_run1_emissions.csv
Autoformer_Model_v2,Denmark,winter,Autoformer_Model_v2_Denmark_winter_run1,0.0114367450449117,0.0300216433781644,263.1561813999999,C:\Users\anikk\BioNet\to py\Results\emissions\Autoformer_Model_v2\Denmark\winter\Autoformer_Model_v2_Denmark_winter_run1_emissions.csv
Autoformer_Model_v2,Germany,summer,Autoformer_Model_v2_summer_run1,0.0175358554611047,0.0460319082848267,392.3288940000002,C:\Users\anikk\BioNet\to py\Results\emissions\Autoformer_Model_v2\Germany\summer\Autoformer_Model_v2_summer_run1_emissions.csv
Autoformer_Model_v2,Germany,winter,Autoformer_Model_v2_winter_run1,0.0142695858145756,0.0374578968751164,326.72974709999835,C:\Users\anikk\BioNet\to py\Results\emissions\Autoformer_Model_v2\Germany\winter\Autoformer_Model_v2_winter_run1_emissions.csv
Autoformer_Model_v2,Hungary,summer,Autoformer_Model_v2_Hungary_summer_run1,0.0296829139271231,0.0779181360470486,679.1378292000009,C:\Users\anikk\BioNet\to py\Results\emissions\Autoformer_Model_v2\Hungary\summer\Autoformer_Model_v2_Hungary_summer_run1_emissions.csv
Autoformer_Model_v2,Hungary,winter,Autoformer_Model_v2_Hungary_winter_run1,0.0124050850845394,0.0325635518691153,285.7024495000005,C:\Users\anikk\BioNet\to py\Results\emissions\Autoformer_Model_v2\Hungary\winter\Autoformer_Model_v2_Hungary_winter_run1_emissions.csv
Autoformer_Model_v2,Spain,summer,Autoformer_Model_v2_Spain_summer_run1,0.0158128716371069,0.0415090474789524,360.4219704999996,C:\Users\anikk\BioNet\to py\Results\emissions\Autoformer_Model_v2\Spain\summer\Autoformer_Model_v2_Spain_summer_run1_emissions.csv
Autoformer_Model_v2,Spain,winter,Autoformer_Model_v2_Spain_winter_run1,0.0164140438488041,0.0430871343977008,378.3375534000001,C:\Users\anikk\BioNet\to py\Results\emissions\Autoformer_Model_v2\Spain\winter\Autoformer_Model_v2_Spain_winter_run1_emissions.csv
Autoformer_Model_v3,Denmark,summer,Autoformer_Model_v3_Denmark_summer_run1,0.0259035224514249,0.0679971714173117,593.7033177999983,C:\Users\anikk\BioNet\to py\Results\emissions\Autoformer_Model_v3\Denmark\summer\Autoformer_Model_v3_Denmark_summer_run1_emissions.csv
Autoformer_Model_v3,Denmark,winter,Autoformer_Model_v3_Denmark_winter_run1,0.0200507255434046,0.052633483510709,462.2170861000001,C:\Users\anikk\BioNet\to py\Results\emissions\Autoformer_Model_v3\Denmark\winter\Autoformer_Model_v3_Denmark_winter_run1_emissions.csv
Autoformer_Model_v3,Germany,summer,Autoformer_Model_v3_summer_run1,0.026715215792808,0.0701278797553694,610.0336741000001,C:\Users\anikk\BioNet\to py\Results\emissions\Autoformer_Model_v3\Germany\summer\Autoformer_Model_v3_summer_run1_emissions.csv
Autoformer_Model_v3,Germany,winter,Autoformer_Model_v3_winter_run1,0.0247724686166723,0.0650281365446183,567.3758329000011,C:\Users\anikk\BioNet\to py\Results\emissions\Autoformer_Model_v3\Germany\winter\Autoformer_Model_v3_winter_run1_emissions.csv
Autoformer_Model_v3,Hungary,summer,Autoformer_Model_v3_Hungary_summer_run1,0.0240261404911176,0.0630690129705148,549.9430210999999,C:\Users\anikk\BioNet\to py\Results\emissions\Autoformer_Model_v3\Hungary\summer\Autoformer_Model_v3_Hungary_summer_run1_emissions.csv
Autoformer_Model_v3,Hungary,winter,Autoformer_Model_v3_Hungary_winter_run1,0.0220206817742015,0.0578046509363474,507.5131526999976,C:\Users\anikk\BioNet\to py\Results\emissions\Autoformer_Model_v3\Hungary\winter\Autoformer_Model_v3_Hungary_winter_run1_emissions.csv
Autoformer_Model_v3,Spain,summer,Autoformer_Model_v3_Spain_summer_run1,0.0309070134379378,0.0811314173459452,704.3206313000119,C:\Users\anikk\BioNet\to py\Results\emissions\Autoformer_Model_v3\Spain\summer\Autoformer_Model_v3_Spain_summer_run1_emissions.csv
Autoformer_Model_v3,Spain,winter,Autoformer_Model_v3_Spain_winter_run1,0.0268740188381562,0.0705447403547874,619.7184609000001,C:\Users\anikk\BioNet\to py\Results\emissions\Autoformer_Model_v3\Spain\winter\Autoformer_Model_v3_Spain_winter_run1_emissions.csv
CarbonCast_Model,Denmark,summer,CarbonCast_Model_Denmark_summer_run1,0.0001372523139321,0.0577365124857203,504.34511550000025,C:\Users\anikk\BioNet\to py\Results\emissions\CarbonCast_Model\Denmark\summer\CarbonCast_Model_Denmark_summer_run1_emissions.csv
CarbonCast_Model,Denmark,winter,CarbonCast_Model_Denmark_winter_run1,0.0167262026330657,0.0439065563277747,385.64846720000014,C:\Users\anikk\BioNet\to py\Results\emissions\CarbonCast_Model\Denmark\winter\CarbonCast_Model_Denmark_winter_run1_emissions.csv
CarbonCast_Model,Germany,summer,CarbonCast_Model_summer_run1,0.0223604787609336,0.0586966236013482,515.8344006000007,C:\Users\anikk\BioNet\to py\Results\emissions\CarbonCast_Model\Germany\summer\CarbonCast_Model_summer_run1_emissions.csv
CarbonCast_Model,Germany,winter,CarbonCast_Model_winter_run1,0.0198042078744919,0.0519863705853575,453.5934137000004,C:\Users\anikk\BioNet\to py\Results\emissions\CarbonCast_Model\Germany\winter\CarbonCast_Model_winter_run1_emissions.csv
CarbonCast_Model,Hungary,summer,CarbonCast_Model_Hungary_summer_run1,0.0203366322832416,0.053383993393468,465.6531945000024,C:\Users\anikk\BioNet\to py\Results\emissions\CarbonCast_Model\Hungary\summer\CarbonCast_Model_Hungary_summer_run1_emissions.csv
CarbonCast_Model,Hungary,winter,CarbonCast_Model_Hungary_winter_run1,0.0167397505518881,0.0439421198369553,385.96019080000406,C:\Users\anikk\BioNet\to py\Results\emissions\CarbonCast_Model\Hungary\winter\CarbonCast_Model_Hungary_winter_run1_emissions.csv
CarbonCast_Model,Spain,summer,CarbonCast_Model_Spain_summer_run1,0.0190859088957695,0.050100823981545,434.8899403000105,C:\Users\anikk\BioNet\to py\Results\emissions\CarbonCast_Model\Spain\summer\CarbonCast_Model_Spain_summer_run1_emissions.csv
CarbonCast_Model,Spain,winter,CarbonCast_Model_Spain_winter_run1,0.0186159054153669,0.0488670571344452,429.35994430000005,C:\Users\anikk\BioNet\to py\Results\emissions\CarbonCast_Model\Spain\winter\CarbonCast_Model_Spain_winter_run1_emissions.csv
CarbonCast_Model_v2,Denmark,summer,CarbonCast_Model_v2_Denmark_summer_run1,0.000145170952191,0.0610675642079589,536.6310262000006,C:\Users\anikk\BioNet\to py\Results\emissions\CarbonCast_Model_v2\Denmark\summer\CarbonCast_Model_v2_Denmark_summer_run1_emissions.csv
CarbonCast_Model_v2,Denmark,winter,CarbonCast_Model_v2_Denmark_winter_run1,0.021920975865088,0.0575429212891142,505.1915900000001,C:\Users\anikk\BioNet\to py\Results\emissions\CarbonCast_Model_v2\Denmark\winter\CarbonCast_Model_v2_Denmark_winter_run1_emissions.csv
CarbonCast_Model_v2,Germany,summer,CarbonCast_Model_v2_summer_run1,0.0219323956942238,0.0575728985279535,505.90566300000046,C:\Users\anikk\BioNet\to py\Results\emissions\CarbonCast_Model_v2\Germany\summer\CarbonCast_Model_v2_summer_run1_emissions.csv
CarbonCast_Model_v2,Germany,winter,CarbonCast_Model_v2_winter_run1,0.0265183023913096,0.0696109788458056,607.5291195999962,C:\Users\anikk\BioNet\to py\Results\emissions\CarbonCast_Model_v2\Germany\winter\CarbonCast_Model_v2_winter_run1_emissions.csv
CarbonCast_Model_v2,Hungary,summer,CarbonCast_Model_v2_Hungary_summer_run1,0.0264282317610668,0.0693745419636877,605.1333347999898,C:\Users\anikk\BioNet\to py\Results\emissions\CarbonCast_Model_v2\Hungary\summer\CarbonCast_Model_v2_Hungary_summer_run1_emissions.csv
CarbonCast_Model_v2,Hungary,winter,CarbonCast_Model_v2_Hungary_winter_run1,0.0232956902969629,0.0611515692268353,536.7592330000043,C:\Users\anikk\BioNet\to py\Results\emissions\CarbonCast_Model_v2\Hungary\winter\CarbonCast_Model_v2_Hungary_winter_run1_emissions.csv
CarbonCast_Model_v2,Spain,summer,CarbonCast_Model_v2_Spain_summer_run1,0.0233381998871488,0.0612631575985006,531.8082761999976,C:\Users\anikk\BioNet\to py\Results\emissions\CarbonCast_Model_v2\Spain\summer\CarbonCast_Model_v2_Spain_summer_run1_emissions.csv
CarbonCast_Model_v2,Spain,winter,CarbonCast_Model_v2_Spain_winter_run1,0.0228001511820022,0.0598507709200742,525.9875204999998,C:\Users\anikk\BioNet\to py\Results\emissions\CarbonCast_Model_v2\Spain\winter\CarbonCast_Model_v2_Spain_winter_run1_emissions.csv
CarbonCast_Model_v3,Denmark,summer,CarbonCast_Model_v3_Denmark_summer_run1,0.1435377991139794,0.3767890776059311,3299.5737936000005,C:\Users\anikk\BioNet\to py\Results\emissions\CarbonCast_Model_v3\Denmark\summer\CarbonCast_Model_v3_Denmark_summer_run1_emissions.csv
CarbonCast_Model_v3,Denmark,winter,CarbonCast_Model_v3_Denmark_winter_run1,0.06516874018976,0.1710690121794463,1503.2789527,C:\Users\anikk\BioNet\to py\Results\emissions\CarbonCast_Model_v3\Denmark\winter\CarbonCast_Model_v3_Denmark_winter_run1_emissions.csv
CarbonCast_Model_v3,Germany,summer,CarbonCast_Model_v3_summer_run1,0.0756998544358959,0.1987133598527259,1747.011368900001,C:\Users\anikk\BioNet\to py\Results\emissions\CarbonCast_Model_v3\Germany\summer\CarbonCast_Model_v3_summer_run1_emissions.csv
CarbonCast_Model_v3,Germany,winter,CarbonCast_Model_v3_winter_run1,0.0627144363822262,0.1646264244184965,1430.5263393999994,C:\Users\anikk\BioNet\to py\Results\emissions\CarbonCast_Model_v3\Germany\winter\CarbonCast_Model_v3_winter_run1_emissions.csv
CarbonCast_Model_v3,Hungary,summer,CarbonCast_Model_v3_Hungary_summer_run1,0.0752882956208208,0.1976330112109748,1723.2004089999973,C:\Users\anikk\BioNet\to py\Results\emissions\CarbonCast_Model_v3\Hungary\summer\CarbonCast_Model_v3_Hungary_summer_run1_emissions.csv
CarbonCast_Model_v3,Hungary,winter,CarbonCast_Model_v3_Hungary_winter_run1,0.0734629261152779,0.1928413863112689,1693.5320794,C:\Users\anikk\BioNet\to py\Results\emissions\CarbonCast_Model_v3\Hungary\winter\CarbonCast_Model_v3_Hungary_winter_run1_emissions.csv
CarbonCast_Model_v3,Spain,summer,CarbonCast_Model_v3_Spain_summer_run1,0.0559305636731824,0.1468186472586492,1282.1541692000028,C:\Users\anikk\BioNet\to py\Results\emissions\CarbonCast_Model_v3\Spain\summer\CarbonCast_Model_v3_Spain_summer_run1_emissions.csv
CarbonCast_Model_v3,Spain,winter,CarbonCast_Model_v3_Spain_winter_run1,0.0656213491051033,0.1722571180078837,1514.0214237000005,C:\Users\anikk\BioNet\to py\Results\emissions\CarbonCast_Model_v3\Spain\winter\CarbonCast_Model_v3_Spain_winter_run1_emissions.csv
CNN_LSTM_Model,Denmark,summer,CNN_LSTM_Model_Denmark_summer_run1,0.0688797352523336,0.1808104351025951,1586.829612900001,C:\Users\anikk\BioNet\to py\Results\emissions\CNN_LSTM_Model\Denmark\summer\CNN_LSTM_Model_Denmark_summer_run1_emissions.csv
CNN_LSTM_Model,Denmark,winter,CNN_LSTM_Model_Denmark_winter_run1,0.0423237244122057,0.1111004709599835,975.6886734,C:\Users\anikk\BioNet\to py\Results\emissions\CNN_LSTM_Model\Denmark\winter\CNN_LSTM_Model_Denmark_winter_run1_emissions.csv
CNN_LSTM_Model,Germany,summer,CNN_LSTM_Model_summer_run1,0.0427722998362838,0.112277988807675,986.2953479999996,C:\Users\anikk\BioNet\to py\Results\emissions\CNN_LSTM_Model\Germany\summer\CNN_LSTM_Model_summer_run1_emissions.csv
CNN_LSTM_Model,Germany,winter,CNN_LSTM_Model_winter_run1,0.0402954272784544,0.1057761577069285,921.9404159999976,C:\Users\anikk\BioNet\to py\Results\emissions\CNN_LSTM_Model\Germany\winter\CNN_LSTM_Model_winter_run1_emissions.csv
CNN_LSTM_Model,Hungary,summer,CNN_LSTM_Model_Hungary_summer_run1,0.0558305345399244,0.1465560691427339,1277.5349369999894,C:\Users\anikk\BioNet\to py\Results\emissions\CNN_LSTM_Model\Hungary\summer\CNN_LSTM_Model_Hungary_summer_run1_emissions.csv
CNN_LSTM_Model,Hungary,winter,CNN_LSTM_Model_Hungary_winter_run1,0.0436943799559068,0.1146984642496569,1006.4261697000038,C:\Users\anikk\BioNet\to py\Results\emissions\CNN_LSTM_Model\Hungary\winter\CNN_LSTM_Model_Hungary_winter_run1_emissions.csv
CNN_LSTM_Model,Spain,summer,CNN_LSTM_Model_Spain_summer_run1,0.0465430264656676,0.1221762080736781,1072.5754492000124,C:\Users\anikk\BioNet\to py\Results\emissions\CNN_LSTM_Model\Spain\summer\CNN_LSTM_Model_Spain_summer_run1_emissions.csv
CNN_LSTM_Model,Spain,winter,CNN_LSTM_Model_Spain_winter_run1,0.0369794689007995,0.0970717125628023,852.7075670999993,C:\Users\anikk\BioNet\to py\Results\emissions\CNN_LSTM_Model\Spain\winter\CNN_LSTM_Model_Spain_winter_run1_emissions.csv
CNN_LSTM_Model_v2,Denmark,summer,CNN_LSTM_Model_v2_Denmark_summer_run1,0.0263623934795743,0.0692017153946037,608.4251513999989,C:\Users\anikk\BioNet\to py\Results\emissions\CNN_LSTM_Model_v2\Denmark\summer\CNN_LSTM_Model_v2_Denmark_summer_run1_emissions.csv
CNN_LSTM_Model_v2,Denmark,winter,CNN_LSTM_Model_v2_Denmark_winter_run1,0.0226409215092883,0.0594327904168221,522.5496431000001,C:\Users\anikk\BioNet\to py\Results\emissions\CNN_LSTM_Model_v2\Denmark\winter\CNN_LSTM_Model_v2_Denmark_winter_run1_emissions.csv
CNN_LSTM_Model_v2,Germany,summer,CNN_LSTM_Model_v2_summer_run1,0.0261077099626965,0.0685331669843721,602.2728815999999,C:\Users\anikk\BioNet\to py\Results\emissions\CNN_LSTM_Model_v2\Germany\summer\CNN_LSTM_Model_v2_summer_run1_emissions.csv
CNN_LSTM_Model_v2,Germany,winter,CNN_LSTM_Model_v2_winter_run1,0.0282625785804643,0.0741897324595468,647.4247752999945,C:\Users\anikk\BioNet\to py\Results\emissions\CNN_LSTM_Model_v2\Germany\winter\CNN_LSTM_Model_v2_winter_run1_emissions.csv
CNN_LSTM_Model_v2,Hungary,summer,CNN_LSTM_Model_v2_Hungary_summer_run1,0.0001545283917259,0.0650038615938749,566.6942204999941,C:\Users\anikk\BioNet\to py\Results\emissions\CNN_LSTM_Model_v2\Hungary\summer\CNN_LSTM_Model_v2_Hungary_summer_run1_emissions.csv
CNN_LSTM_Model_v2,Hungary,winter,CNN_LSTM_Model_v2_Hungary_winter_run1,0.0339892934855157,0.0892224530398104,783.3968018999949,C:\Users\anikk\BioNet\to py\Results\emissions\CNN_LSTM_Model_v2\Hungary\winter\CNN_LSTM_Model_v2_Hungary_winter_run1_emissions.csv
CNN_LSTM_Model_v2,Spain,summer,CNN_LSTM_Model_v2_Spain_summer_run1,0.0263266903484922,0.0691079940897553,607.4052327999962,C:\Users\anikk\BioNet\to py\Results\emissions\CNN_LSTM_Model_v2\Spain\summer\CNN_LSTM_Model_v2_Spain_summer_run1_emissions.csv
CNN_LSTM_Model_v2,Spain,winter,CNN_LSTM_Model_v2_Spain_winter_run1,0.0239698563847759,0.0629212662679511,552.8889358999995,C:\Users\anikk\BioNet\to py\Results\emissions\CNN_LSTM_Model_v2\Spain\winter\CNN_LSTM_Model_v2_Spain_winter_run1_emissions.csv
CNN_LSTM_Model_v3,Denmark,summer,CNN_LSTM_Model_v3_Denmark_summer_run1,0.0846262221404611,0.222145221526345,1953.3210456999984,C:\Users\anikk\BioNet\to py\Results\emissions\CNN_LSTM_Model_v3\Denmark\summer\CNN_LSTM_Model_v3_Denmark_summer_run1_emissions.csv
CNN_LSTM_Model_v3,Denmark,winter,CNN_LSTM_Model_v3_Denmark_winter_run1,0.0711871680002706,0.1868674839224849,1642.7992814000008,C:\Users\anikk\BioNet\to py\Results\emissions\CNN_LSTM_Model_v3\Denmark\winter\CNN_LSTM_Model_v3_Denmark_winter_run1_emissions.csv
CNN_LSTM_Model_v3,Germany,summer,CNN_LSTM_Model_v3_summer_run1,0.1014733738850942,0.2663692712563176,2341.6225722,C:\Users\anikk\BioNet\to py\Results\emissions\CNN_LSTM_Model_v3\Germany\summer\CNN_LSTM_Model_v3_summer_run1_emissions.csv
CNN_LSTM_Model_v3,Germany,winter,CNN_LSTM_Model_v3_winter_run1,0.0860474207753983,0.2258758912597409,1963.078056899998,C:\Users\anikk\BioNet\to py\Results\emissions\CNN_LSTM_Model_v3\Germany\winter\CNN_LSTM_Model_v3_winter_run1_emissions.csv
CNN_LSTM_Model_v3,Hungary,summer,CNN_LSTM_Model_v3_Hungary_summer_run1,0.0851765548701984,0.2235898539708582,1949.3461290999985,C:\Users\anikk\BioNet\to py\Results\emissions\CNN_LSTM_Model_v3\Hungary\summer\CNN_LSTM_Model_v3_Hungary_summer_run1_emissions.csv
CNN_LSTM_Model_v3,Hungary,winter,CNN_LSTM_Model_v3_Hungary_winter_run1,0.084398858796945,0.221548389019412,1946.310395399996,C:\Users\anikk\BioNet\to py\Results\emissions\CNN_LSTM_Model_v3\Hungary\winter\CNN_LSTM_Model_v3_Hungary_winter_run1_emissions.csv
CNN_LSTM_Model_v3,Spain,summer,CNN_LSTM_Model_v3_Spain_summer_run1,0.0793082098430762,0.208185351996525,1829.4007030999928,C:\Users\anikk\BioNet\to py\Results\emissions\CNN_LSTM_Model_v3\Spain\summer\CNN_LSTM_Model_v3_Spain_summer_run1_emissions.csv
CNN_LSTM_Model_v3,Spain,winter,CNN_LSTM_Model_v3_Spain_winter_run1,0.0798761748759242,0.2096762695259857,1843.1843201,C:\Users\anikk\BioNet\to py\Results\emissions\CNN_LSTM_Model_v3\Spain\winter\CNN_LSTM_Model_v3_Spain_winter_run1_emissions.csv
Cycle_LSTM_Model,Denmark,summer,Cycle_LSTM_Model_Denmark_summer_run1,0.0293387400363127,0.0770146739370331,676.9181111999969,C:\Users\anikk\BioNet\to py\Results\emissions\Cycle_LSTM_Model\Denmark\summer\Cycle_LSTM_Model_Denmark_summer_run1_emissions.csv
Cycle_LSTM_Model,Denmark,winter,Cycle_LSTM_Model_Denmark_winter_run1,0.0234383562274684,0.0615260696350399,540.8014431000001,C:\Users\anikk\BioNet\to py\Results\emissions\Cycle_LSTM_Model\Denmark\winter\Cycle_LSTM_Model_Denmark_winter_run1_emissions.csv
Cycle_LSTM_Model,Germany,summer,Cycle_LSTM_Model_summer_run1,0.0211087881272035,0.0554109151521289,487.0733588000003,C:\Users\anikk\BioNet\to py\Results\emissions\Cycle_LSTM_Model\Germany\summer\Cycle_LSTM_Model_summer_run1_emissions.csv
Cycle_LSTM_Model,Germany,winter,Cycle_LSTM_Model_Germany_winter_run1,0.0322754586151304,0.0847236083872699,718.9040292999998,C:\Users\anikk\BioNet\to py\Results\emissions\Cycle_LSTM_Model\Germany\winter\Cycle_LSTM_Model_Germany_winter_run1_emissions.csv
Cycle_LSTM_Model,Germany,winter,Cycle_LSTM_Model_winter_run1,0.0245983267099212,0.064571011182363,563.0036657000019,C:\Users\anikk\BioNet\to py\Results\emissions\Cycle_LSTM_Model\Germany\winter\Cycle_LSTM_Model_winter_run1_emissions.csv
Cycle_LSTM_Model,Hungary,summer,Cycle_LSTM_Model_Hungary_summer_run1,0.028186217553026,0.0739892835097153,645.0577451000136,C:\Users\anikk\BioNet\to py\Results\emissions\Cycle_LSTM_Model\Hungary\summer\Cycle_LSTM_Model_Hungary_summer_run1_emissions.csv
Cycle_LSTM_Model,Hungary,winter,Cycle_LSTM_Model_Hungary_winter_run1,0.0560636538689284,0.1471680112060072,705.2278542000004,C:\Users\anikk\BioNet\to py\Results\emissions\Cycle_LSTM_Model\Hungary\winter\Cycle_LSTM_Model_Hungary_winter_run1_emissions.csv
Cycle_LSTM_Model,Spain,summer,Cycle_LSTM_Model_Spain_summer_run1,0.0284479484573632,0.07467633142765,655.5737356999889,C:\Users\anikk\BioNet\to py\Results\emissions\Cycle_LSTM_Model\Spain\summer\Cycle_LSTM_Model_Spain_summer_run1_emissions.csv
Cycle_LSTM_Model,Spain,winter,Cycle_LSTM_Model_Spain_winter_run1,0.0616454988210277,0.161820445782984,780.8263113000003,C:\Users\anikk\BioNet\to py\Results\emissions\Cycle_LSTM_Model\Spain\winter\Cycle_LSTM_Model_Spain_winter_run1_emissions.csv
Cycle_LSTM_Model_v2,Denmark,summer,Cycle_LSTM_Model_v2_Denmark_summer_run1,0.0283847020867288,0.0745103086670924,654.7346905000013,C:\Users\anikk\BioNet\to py\Results\emissions\Cycle_LSTM_Model_v2\Denmark\summer\Cycle_LSTM_Model_v2_Denmark_summer_run1_emissions.csv
Cycle_LSTM_Model_v2,Denmark,winter,Cycle_LSTM_Model_v2_Denmark_winter_run1,0.0272959892783794,0.0716524196833691,629.4751756000005,C:\Users\anikk\BioNet\to py\Results\emissions\Cycle_LSTM_Model_v2\Denmark\winter\Cycle_LSTM_Model_v2_Denmark_winter_run1_emissions.csv
Cycle_LSTM_Model_v2,Germany,summer,Cycle_LSTM_Model_v2_summer_run1,0.0299047484398826,0.0785004552825375,689.6767528,C:\Users\anikk\BioNet\to py\Results\emissions\Cycle_LSTM_Model_v2\Germany\summer\Cycle_LSTM_Model_v2_summer_run1_emissions.csv
Cycle_LSTM_Model_v2,Germany,winter,Cycle_LSTM_Model_v2_winter_run1,0.0285109015552626,0.0748415843424666,653.5381232,C:\Users\anikk\BioNet\to py\Results\emissions\Cycle_LSTM_Model_v2\Germany\winter\Cycle_LSTM_Model_v2_winter_run1_emissions.csv
Cycle_LSTM_Model_v2,Hungary,summer,Cycle_LSTM_Model_v2_Hungary_summer_run1,0.0300991033505187,0.0790106401116123,688.7283525000094,C:\Users\anikk\BioNet\to py\Results\emissions\Cycle_LSTM_Model_v2\Hungary\summer\Cycle_LSTM_Model_v2_Hungary_summer_run1_emissions.csv
Cycle_LSTM_Model_v2,Hungary,winter,Cycle_LSTM_Model_v2_Hungary_winter_run1,0.023455748610745,0.0615717249264864,540.6240025000006,C:\Users\anikk\BioNet\to py\Results\emissions\Cycle_LSTM_Model_v2\Hungary\winter\Cycle_LSTM_Model_v2_Hungary_winter_run1_emissions.csv
Cycle_LSTM_Model_v2,Spain,summer,Cycle_LSTM_Model_v2_Spain_summer_run1,0.0254020576901222,0.0666808181916846,585.3682373999909,C:\Users\anikk\BioNet\to py\Results\emissions\Cycle_LSTM_Model_v2\Spain\summer\Cycle_LSTM_Model_v2_Spain_summer_run1_emissions.csv
Cycle_LSTM_Model_v2,Spain,winter,Cycle_LSTM_Model_v2_Spain_winter_run1,0.0202498323394945,0.0531561421170614,467.0496267000008,C:\Users\anikk\BioNet\to py\Results\emissions\Cycle_LSTM_Model_v2\Spain\winter\Cycle_LSTM_Model_v2_Spain_winter_run1_emissions.csv
Cycle_LSTM_Model_v3,Denmark,summer,Cycle_LSTM_Model_v3_Denmark_summer_run1,0.1364432128233848,0.3581656721968365,3147.923479199999,C:\Users\anikk\BioNet\to py\Results\emissions\Cycle_LSTM_Model_v3\Denmark\summer\Cycle_LSTM_Model_v3_Denmark_summer_run1_emissions.csv
Cycle_LSTM_Model_v3,Denmark,winter,Cycle_LSTM_Model_v3_Denmark_winter_run1,0.0528530566261202,0.1387401407694455,1218.8311732000002,C:\Users\anikk\BioNet\to py\Results\emissions\Cycle_LSTM_Model_v3\Denmark\winter\Cycle_LSTM_Model_v3_Denmark_winter_run1_emissions.csv
Cycle_LSTM_Model_v3,Germany,summer,Cycle_LSTM_Model_v3_summer_run1,0.0715869107098837,0.187916815093539,1651.4161768000013,C:\Users\anikk\BioNet\to py\Results\emissions\Cycle_LSTM_Model_v3\Germany\summer\Cycle_LSTM_Model_v3_summer_run1_emissions.csv
Cycle_LSTM_Model_v3,Germany,winter,Cycle_LSTM_Model_v3_winter_run1,0.0512779177383406,0.1346053753467402,1174.8183174000003,C:\Users\anikk\BioNet\to py\Results\emissions\Cycle_LSTM_Model_v3\Germany\winter\Cycle_LSTM_Model_v3_winter_run1_emissions.csv
Cycle_LSTM_Model_v3,Hungary,summer,Cycle_LSTM_Model_v3_Hungary_summer_run1,0.0806437320780728,0.2116911197744398,1845.8397228999968,C:\Users\anikk\BioNet\to py\Results\emissions\Cycle_LSTM_Model_v3\Hungary\summer\Cycle_LSTM_Model_v3_Hungary_summer_run1_emissions.csv
Cycle_LSTM_Model_v3,Hungary,winter,Cycle_LSTM_Model_v3_Hungary_winter_run1,0.0527207758266105,0.1383929015004871,1215.386168900004,C:\Users\anikk\BioNet\to py\Results\emissions\Cycle_LSTM_Model_v3\Hungary\winter\Cycle_LSTM_Model_v3_Hungary_winter_run1_emissions.csv
Cycle_LSTM_Model_v3,Spain,summer,Cycle_LSTM_Model_v3_Spain_summer_run1,0.0580524073279363,0.1523885216640932,1338.2720204999932,C:\Users\anikk\BioNet\to py\Results\emissions\Cycle_LSTM_Model_v3\Spain\summer\Cycle_LSTM_Model_v3_Spain_summer_run1_emissions.csv
Cycle_LSTM_Model_v3,Spain,winter,Cycle_LSTM_Model_v3_Spain_winter_run1,0.0770330575641337,0.2022130399373507,1776.9541317000003,C:\Users\anikk\BioNet\to py\Results\emissions\Cycle_LSTM_Model_v3\Spain\winter\Cycle_LSTM_Model_v3_Spain_winter_run1_emissions.csv
DLinear_Model,Denmark,summer,DLinear_Model_Denmark_summer_run1,0.0032943571511822,0.0086477415702381,75.96700710000005,C:\Users\anikk\BioNet\to py\Results\emissions\DLinear_Model\Denmark\summer\DLinear_Model_Denmark_summer_run1_emissions.csv
DLinear_Model,Denmark,winter,DLinear_Model_Denmark_winter_run1,0.0012110269874147,0.0031789657104993,27.77341709999928,C:\Users\anikk\BioNet\to py\Results\emissions\DLinear_Model\Denmark\winter\DLinear_Model_Denmark_winter_run1_emissions.csv
DLinear_Model,Germany,summer,DLinear_Model_summer_run1,0.001454113718619,0.0038170723680773,33.212232899997616,C:\Users\anikk\BioNet\to py\Results\emissions\DLinear_Model\Germany\summer\DLinear_Model_summer_run1_emissions.csv
DLinear_Model,Germany,winter,DLinear_Model_winter_run1,0.0023107695401187,0.0060658079541114,52.670909599997685,C:\Users\anikk\BioNet\to py\Results\emissions\DLinear_Model\Germany\winter\DLinear_Model_winter_run1_emissions.csv
DLinear_Model,Hungary,summer,DLinear_Model_Hungary_summer_run1,0.0021519112584176,0.0056488023583611,49.28910999999789,C:\Users\anikk\BioNet\to py\Results\emissions\DLinear_Model\Hungary\summer\DLinear_Model_Hungary_summer_run1_emissions.csv
DLinear_Model,Hungary,winter,DLinear_Model_Hungary_winter_run1,0.0041451670450586,0.010881131500350999,57.07570990000022,C:\Users\anikk\BioNet\to py\Results\emissions\DLinear_Model\Hungary\winter\DLinear_Model_Hungary_winter_run1_emissions.csv
DLinear_Model,Spain,summer,DLinear_Model_Spain_summer_run1,0.0016299554910052,0.0042786599055132,37.56543640000746,C:\Users\anikk\BioNet\to py\Results\emissions\DLinear_Model\Spain\summer\DLinear_Model_Spain_summer_run1_emissions.csv
DLinear_Model,Spain,winter,DLinear_Model_Spain_winter_run1,0.003205598367213,0.0084147483061113,36.45872269999927,C:\Users\anikk\BioNet\to py\Results\emissions\DLinear_Model\Spain\winter\DLinear_Model_Spain_winter_run1_emissions.csv
DLinear_Model_v2,Denmark,summer,DLinear_Model_v2_Denmark_summer_run1,9.798158384902736e-06,0.0041216900299888,36.22871280000254,C:\Users\anikk\BioNet\to py\Results\emissions\DLinear_Model_v2\Denmark\summer\DLinear_Model_v2_Denmark_summer_run1_emissions.csv
DLinear_Model_v2,Denmark,winter,DLinear_Model_v2_Denmark_winter_run1,0.0014582377438792,0.0038278980020455,33.60134870000002,C:\Users\anikk\BioNet\to py\Results\emissions\DLinear_Model_v2\Denmark\winter\DLinear_Model_v2_Denmark_winter_run1_emissions.csv
DLinear_Model_v2,Germany,summer,DLinear_Model_v2_summer_run1,0.0013614849413613,0.0035739203080755,31.432285399998364,C:\Users\anikk\BioNet\to py\Results\emissions\DLinear_Model_v2\Germany\summer\DLinear_Model_v2_summer_run1_emissions.csv
DLinear_Model_v2,Germany,winter,DLinear_Model_v2_winter_run1,0.0014302363806155,0.0037543939640781,32.95421969999734,C:\Users\anikk\BioNet\to py\Results\emissions\DLinear_Model_v2\Germany\winter\DLinear_Model_v2_winter_run1_emissions.csv
DLinear_Model_v2,Hungary,summer,DLinear_Model_v2_Hungary_summer_run1,0.0018589326953156,0.0048797288235086,42.58164340000076,C:\Users\anikk\BioNet\to py\Results\emissions\DLinear_Model_v2\Hungary\summer\DLinear_Model_v2_Hungary_summer_run1_emissions.csv
DLinear_Model_v2,Hungary,winter,DLinear_Model_v2_Hungary_winter_run1,0.0015082231294667,0.0039591104592906,34.788147799998114,C:\Users\anikk\BioNet\to py\Results\emissions\DLinear_Model_v2\Hungary\winter\DLinear_Model_v2_Hungary_winter_run1_emissions.csv
DLinear_Model_v2,Spain,summer,DLinear_Model_v2_Spain_summer_run1,0.0020241548361953,0.0053134396540105,46.6532806000032,C:\Users\anikk\BioNet\to py\Results\emissions\DLinear_Model_v2\Spain\summer\DLinear_Model_v2_Spain_summer_run1_emissions.csv
DLinear_Model_v2,Spain,winter,DLinear_Model_v2_Spain_winter_run1,0.0013606061819991,0.0035716135503324,31.376226000000315,C:\Users\anikk\BioNet\to py\Results\emissions\DLinear_Model_v2\Spain\winter\DLinear_Model_v2_Spain_winter_run1_emissions.csv
DLinear_Model_v3,Denmark,summer,DLinear_Model_v3_Denmark_summer_run1,0.0016510499475801,0.0043340332001053,38.10312630000044,C:\Users\anikk\BioNet\to py\Results\emissions\DLinear_Model_v3\Denmark\summer\DLinear_Model_v3_Denmark_summer_run1_emissions.csv
DLinear_Model_v3,Denmark,winter,DLinear_Model_v3_Denmark_winter_run1,0.0016069162907967,0.0042181816269767,37.039170200001536,C:\Users\anikk\BioNet\to py\Results\emissions\DLinear_Model_v3\Denmark\winter\DLinear_Model_v3_Denmark_winter_run1_emissions.csv
DLinear_Model_v3,Germany,summer,DLinear_Model_v3_summer_run1,0.0018883889164878,0.0049570518873549,43.55394990000059,C:\Users\anikk\BioNet\to py\Results\emissions\DLinear_Model_v3\Germany\summer\DLinear_Model_v3_summer_run1_emissions.csv
DLinear_Model_v3,Germany,winter,DLinear_Model_v3_winter_run1,0.0017429532573824,0.0045752808961345,40.14318400000048,C:\Users\anikk\BioNet\to py\Results\emissions\DLinear_Model_v3\Germany\winter\DLinear_Model_v3_winter_run1_emissions.csv
DLinear_Model_v3,Hungary,summer,DLinear_Model_v3_Hungary_summer_run1,0.0016951024767456,0.0044496718119062,38.80149939999683,C:\Users\anikk\BioNet\to py\Results\emissions\DLinear_Model_v3\Hungary\summer\DLinear_Model_v3_Hungary_summer_run1_emissions.csv
DLinear_Model_v3,Hungary,winter,DLinear_Model_v3_Hungary_winter_run1,0.0014723857341695,0.0038650367086746,33.96017629999551,C:\Users\anikk\BioNet\to py\Results\emissions\DLinear_Model_v3\Hungary\winter\DLinear_Model_v3_Hungary_winter_run1_emissions.csv
DLinear_Model_v3,Spain,summer,DLinear_Model_v3_Spain_summer_run1,0.0016720444213958,0.0043891440383144,38.52185839999584,C:\Users\anikk\BioNet\to py\Results\emissions\DLinear_Model_v3\Spain\summer\DLinear_Model_v3_Spain_summer_run1_emissions.csv
DLinear_Model_v3,Spain,winter,DLinear_Model_v3_Spain_winter_run1,0.0016120006773014,0.0042315282249677,37.15727159999915,C:\Users\anikk\BioNet\to py\Results\emissions\DLinear_Model_v3\Spain\winter\DLinear_Model_v3_Spain_winter_run1_emissions.csv
EnsembleCI_Model,Denmark,summer,EnsembleCI_Model_Denmark_summer_run1,0.0208148042282801,0.0546392025942514,480.28195510000296,C:\Users\anikk\BioNet\to py\Results\emissions\EnsembleCI_Model\Denmark\summer\EnsembleCI_Model_Denmark_summer_run1_emissions.csv
EnsembleCI_Model,Denmark,winter,EnsembleCI_Model_Denmark_winter_run1,0.0182768477623449,0.0479770252325631,421.2280245000002,C:\Users\anikk\BioNet\to py\Results\emissions\EnsembleCI_Model\Denmark\winter\EnsembleCI_Model_Denmark_winter_run1_emissions.csv
EnsembleCI_Model,Germany,summer,EnsembleCI_Model_summer_run1,0.0224605048947927,0.0589591938437924,517.621599500002,C:\Users\anikk\BioNet\to py\Results\emissions\EnsembleCI_Model\Germany\summer\EnsembleCI_Model_summer_run1_emissions.csv
EnsembleCI_Model,Germany,winter,EnsembleCI_Model_winter_run1,0.0257035066119628,0.0674721265571934,591.8286131999994,C:\Users\anikk\BioNet\to py\Results\emissions\EnsembleCI_Model\Germany\winter\EnsembleCI_Model_winter_run1_emissions.csv
EnsembleCI_Model,Hungary,summer,EnsembleCI_Model_Hungary_summer_run1,0.0217123498351646,0.0569952745377729,497.1251428000105,C:\Users\anikk\BioNet\to py\Results\emissions\EnsembleCI_Model\Hungary\summer\EnsembleCI_Model_Hungary_summer_run1_emissions.csv
EnsembleCI_Model,Hungary,winter,EnsembleCI_Model_Hungary_winter_run1,0.0224378600595004,0.0588997507796309,516.8844336999973,C:\Users\anikk\BioNet\to py\Results\emissions\EnsembleCI_Model\Hungary\winter\EnsembleCI_Model_Hungary_winter_run1_emissions.csv
EnsembleCI_Model,Spain,summer,EnsembleCI_Model_Spain_summer_run1,0.0270434910618952,0.0709896077225233,622.9395578999975,C:\Users\anikk\BioNet\to py\Results\emissions\EnsembleCI_Model\Spain\summer\EnsembleCI_Model_Spain_summer_run1_emissions.csv
EnsembleCI_Model,Spain,winter,EnsembleCI_Model_Spain_winter_run1,0.0221412231694874,0.0581210740766174,510.1506592000005,C:\Users\anikk\BioNet\to py\Results\emissions\EnsembleCI_Model\Spain\winter\EnsembleCI_Model_Spain_winter_run1_emissions.csv
EnsembleCI_Model_v2,Denmark,summer,EnsembleCI_Model_v2_Denmark_summer_run1,0.0347652293046564,0.0912592972953313,802.845401300001,C:\Users\anikk\BioNet\to py\Results\emissions\EnsembleCI_Model_v2\Denmark\summer\EnsembleCI_Model_v2_Denmark_summer_run1_emissions.csv
EnsembleCI_Model_v2,Denmark,winter,EnsembleCI_Model_v2_Denmark_winter_run1,0.0309473427361119,0.081237282415309,713.5445799999998,C:\Users\anikk\BioNet\to py\Results\emissions\EnsembleCI_Model_v2\Denmark\winter\EnsembleCI_Model_v2_Denmark_winter_run1_emissions.csv
EnsembleCI_Model_v2,Germany,summer,EnsembleCI_Model_v2_summer_run1,0.0378657732418455,0.0993982759990695,874.0125665000014,C:\Users\anikk\BioNet\to py\Results\emissions\EnsembleCI_Model_v2\Germany\summer\EnsembleCI_Model_v2_summer_run1_emissions.csv
EnsembleCI_Model_v2,Germany,winter,EnsembleCI_Model_v2_winter_run1,0.0369154172270261,0.0969035758682927,849.8375006999995,C:\Users\anikk\BioNet\to py\Results\emissions\EnsembleCI_Model_v2\Germany\winter\EnsembleCI_Model_v2_winter_run1_emissions.csv
EnsembleCI_Model_v2,Hungary,summer,EnsembleCI_Model_v2_Hungary_summer_run1,0.0363566117364728,0.0954367022876304,832.5375984999991,C:\Users\anikk\BioNet\to py\Results\emissions\EnsembleCI_Model_v2\Hungary\summer\EnsembleCI_Model_v2_Hungary_summer_run1_emissions.csv
EnsembleCI_Model_v2,Hungary,winter,EnsembleCI_Model_v2_Hungary_winter_run1,0.0303329866610633,0.079624587638964,699.5951895000035,C:\Users\anikk\BioNet\to py\Results\emissions\EnsembleCI_Model_v2\Hungary\winter\EnsembleCI_Model_v2_Hungary_winter_run1_emissions.csv
EnsembleCI_Model_v2,Spain,summer,EnsembleCI_Model_v2_Spain_summer_run1,0.0303297618352587,0.0796161224183194,699.8508201000077,C:\Users\anikk\BioNet\to py\Results\emissions\EnsembleCI_Model_v2\Spain\summer\EnsembleCI_Model_v2_Spain_summer_run1_emissions.csv
EnsembleCI_Model_v2,Spain,winter,EnsembleCI_Model_v2_Spain_winter_run1,0.0301000197981185,0.0790130458015974,694.4937677999987,C:\Users\anikk\BioNet\to py\Results\emissions\EnsembleCI_Model_v2\Spain\winter\EnsembleCI_Model_v2_Spain_winter_run1_emissions.csv
EnsembleCI_Model_v3,Denmark,summer,EnsembleCI_Model_v3_Denmark_summer_run1,0.1171068752955571,0.3074074689475183,2704.6259757000043,C:\Users\anikk\BioNet\to py\Results\emissions\EnsembleCI_Model_v3\Denmark\summer\EnsembleCI_Model_v3_Denmark_summer_run1_emissions.csv
EnsembleCI_Model_v3,Denmark,winter,EnsembleCI_Model_v3_Denmark_winter_run1,0.1116558913469686,0.2930985466517093,2576.6396556,C:\Users\anikk\BioNet\to py\Results\emissions\EnsembleCI_Model_v3\Denmark\winter\EnsembleCI_Model_v3_Denmark_winter_run1_emissions.csv
EnsembleCI_Model_v3,Germany,summer,EnsembleCI_Model_v3_summer_run1,0.1260208128387855,0.3308067012436946,2909.313027,C:\Users\anikk\BioNet\to py\Results\emissions\EnsembleCI_Model_v3\Germany\summer\EnsembleCI_Model_v3_summer_run1_emissions.csv
EnsembleCI_Model_v3,Germany,winter,EnsembleCI_Model_v3_winter_run1,0.1016639108161157,0.2668694338262652,2340.334560100004,C:\Users\anikk\BioNet\to py\Results\emissions\EnsembleCI_Model_v3\Germany\winter\EnsembleCI_Model_v3_winter_run1_emissions.csv
EnsembleCI_Model_v3,Hungary,summer,EnsembleCI_Model_v3_Hungary_summer_run1,0.1151250329706266,0.3022051003297719,2636.2674140000017,C:\Users\anikk\BioNet\to py\Results\emissions\EnsembleCI_Model_v3\Hungary\summer\EnsembleCI_Model_v3_Hungary_summer_run1_emissions.csv
EnsembleCI_Model_v3,Hungary,winter,EnsembleCI_Model_v3_Hungary_winter_run1,0.1422155382408144,0.373318121120395,3281.8230501,C:\Users\anikk\BioNet\to py\Results\emissions\EnsembleCI_Model_v3\Hungary\winter\EnsembleCI_Model_v3_Hungary_winter_run1_emissions.csv
EnsembleCI_Model_v3,Spain,summer,EnsembleCI_Model_v3_Spain_summer_run1,0.0974378273713469,0.2557758954491323,2248.544817800008,C:\Users\anikk\BioNet\to py\Results\emissions\EnsembleCI_Model_v3\Spain\summer\EnsembleCI_Model_v3_Spain_summer_run1_emissions.csv
EnsembleCI_Model_v3,Spain,winter,EnsembleCI_Model_v3_Spain_winter_run1,0.1391815344468673,0.3653538113843478,3213.557998100001,C:\Users\anikk\BioNet\to py\Results\emissions\EnsembleCI_Model_v3\Spain\winter\EnsembleCI_Model_v3_Spain_winter_run1_emissions.csv
Hybrid_CNN_CycleLSTM_Attention_Model,Denmark,summer,Hybrid_CNN_CycleLSTM_Attention_Model_Denmark_summer_run1,0.0440551885528746,0.1156455927362505,1016.5743072999976,C:\Users\anikk\BioNet\to py\Results\emissions\Hybrid_CNN_CycleLSTM_Attention_Model\Denmark\summer\Hybrid_CNN_CycleLSTM_Attention_Model_Denmark_summer_run1_emissions.csv
Hybrid_CNN_CycleLSTM_Attention_Model,Denmark,winter,Hybrid_CNN_CycleLSTM_Attention_Model_Denmark_winter_run1,0.0221755530620448,0.0582111906078089,510.9801362999988,C:\Users\anikk\BioNet\to py\Results\emissions\Hybrid_CNN_CycleLSTM_Attention_Model\Denmark\winter\Hybrid_CNN_CycleLSTM_Attention_Model_Denmark_winter_run1_emissions.csv
Hybrid_CNN_CycleLSTM_Attention_Model,Germany,summer,Hybrid_CNN_CycleLSTM_Attention_Model_summer_run1,0.0248754617429938,0.0652984951909537,573.2207001999996,C:\Users\anikk\BioNet\to py\Results\emissions\Hybrid_CNN_CycleLSTM_Attention_Model\Germany\summer\Hybrid_CNN_CycleLSTM_Attention_Model_summer_run1_emissions.csv
Hybrid_CNN_CycleLSTM_Attention_Model,Germany,winter,Hybrid_CNN_CycleLSTM_Attention_Model_winter_run1,0.0240716371177531,0.0631884423618668,553.9982529999979,C:\Users\anikk\BioNet\to py\Results\emissions\Hybrid_CNN_CycleLSTM_Attention_Model\Germany\winter\Hybrid_CNN_CycleLSTM_Attention_Model_winter_run1_emissions.csv
Hybrid_CNN_CycleLSTM_Attention_Model,Hungary,summer,Hybrid_CNN_CycleLSTM_Attention_Model_Hungary_summer_run1,0.0218181432329209,0.057272983942567,499.461878800008,C:\Users\anikk\BioNet\to py\Results\emissions\Hybrid_CNN_CycleLSTM_Attention_Model\Hungary\summer\Hybrid_CNN_CycleLSTM_Attention_Model_Hungary_summer_run1_emissions.csv
Hybrid_CNN_CycleLSTM_Attention_Model,Hungary,winter,Hybrid_CNN_CycleLSTM_Attention_Model_Hungary_winter_run1,0.0241608541463984,0.0634226385257867,557.0407762000032,C:\Users\anikk\BioNet\to py\Results\emissions\Hybrid_CNN_CycleLSTM_Attention_Model\Hungary\winter\Hybrid_CNN_CycleLSTM_Attention_Model_Hungary_winter_run1_emissions.csv
Hybrid_CNN_CycleLSTM_Attention_Model,Spain,summer,Hybrid_CNN_CycleLSTM_Attention_Model_Spain_summer_run1,0.0218137280211019,0.0572613939391048,502.74974489999295,C:\Users\anikk\BioNet\to py\Results\emissions\Hybrid_CNN_CycleLSTM_Attention_Model\Spain\summer\Hybrid_CNN_CycleLSTM_Attention_Model_Spain_summer_run1_emissions.csv
Hybrid_CNN_CycleLSTM_Attention_Model,Spain,winter,Hybrid_CNN_CycleLSTM_Attention_Model_Spain_winter_run1,0.03154148933689,0.08279692699013,727.769955400001,C:\Users\anikk\BioNet\to py\Results\emissions\Hybrid_CNN_CycleLSTM_Attention_Model\Spain\winter\Hybrid_CNN_CycleLSTM_Attention_Model_Spain_winter_run1_emissions.csv
Hybrid_CNN_CycleLSTM_Attention_Model_v2,Denmark,summer,Hybrid_CNN_CycleLSTM_Attention_Model_v2_Denmark_summer_run1,0.0195055150818047,0.0512022971040942,450.1477362000005,C:\Users\anikk\BioNet\to py\Results\emissions\Hybrid_CNN_CycleLSTM_Attention_Model_v2\Denmark\summer\Hybrid_CNN_CycleLSTM_Attention_Model_v2_Denmark_summer_run1_emissions.csv
Hybrid_CNN_CycleLSTM_Attention_Model_v2,Denmark,winter,Hybrid_CNN_CycleLSTM_Attention_Model_v2_Denmark_winter_run1,0.0153488783687484,0.0402910575370742,353.8718693999999,C:\Users\anikk\BioNet\to py\Results\emissions\Hybrid_CNN_CycleLSTM_Attention_Model_v2\Denmark\winter\Hybrid_CNN_CycleLSTM_Attention_Model_v2_Denmark_winter_run1_emissions.csv
Hybrid_CNN_CycleLSTM_Attention_Model_v2,Germany,summer,Hybrid_CNN_CycleLSTM_Attention_Model_v2_summer_run1,0.0175892048694089,0.0461719513568943,405.3974014999985,C:\Users\anikk\BioNet\to py\Results\emissions\Hybrid_CNN_CycleLSTM_Attention_Model_v2\Germany\summer\Hybrid_CNN_CycleLSTM_Attention_Model_v2_summer_run1_emissions.csv
Hybrid_CNN_CycleLSTM_Attention_Model_v2,Germany,winter,Hybrid_CNN_CycleLSTM_Attention_Model_v2_winter_run1,0.0174667614660927,0.0458505354143397,398.1485650000032,C:\Users\anikk\BioNet\to py\Results\emissions\Hybrid_CNN_CycleLSTM_Attention_Model_v2\Germany\winter\Hybrid_CNN_CycleLSTM_Attention_Model_v2_winter_run1_emissions.csv
Hybrid_CNN_CycleLSTM_Attention_Model_v2,Hungary,summer,Hybrid_CNN_CycleLSTM_Attention_Model_v2_Hungary_summer_run1,0.023491873222938,0.0616665526261662,537.6157378999924,C:\Users\anikk\BioNet\to py\Results\emissions\Hybrid_CNN_CycleLSTM_Attention_Model_v2\Hungary\summer\Hybrid_CNN_CycleLSTM_Attention_Model_v2_Hungary_summer_run1_emissions.csv
Hybrid_CNN_CycleLSTM_Attention_Model_v2,Hungary,winter,Hybrid_CNN_CycleLSTM_Attention_Model_v2_Hungary_winter_run1,0.0204476779714304,0.0536754901468183,471.4353207000022,C:\Users\anikk\BioNet\to py\Results\emissions\Hybrid_CNN_CycleLSTM_Attention_Model_v2\Hungary\winter\Hybrid_CNN_CycleLSTM_Attention_Model_v2_Hungary_winter_run1_emissions.csv
Hybrid_CNN_CycleLSTM_Attention_Model_v2,Spain,summer,Hybrid_CNN_CycleLSTM_Attention_Model_v2_Spain_summer_run1,0.0206194612320116,0.0541264240241807,475.26381129999936,C:\Users\anikk\BioNet\to py\Results\emissions\Hybrid_CNN_CycleLSTM_Attention_Model_v2\Spain\summer\Hybrid_CNN_CycleLSTM_Attention_Model_v2_Spain_summer_run1_emissions.csv
Hybrid_CNN_CycleLSTM_Attention_Model_v2,Spain,winter,Hybrid_CNN_CycleLSTM_Attention_Model_v2_Spain_winter_run1,0.0192466276289981,0.0505227132930782,444.0209804999995,C:\Users\anikk\BioNet\to py\Results\emissions\Hybrid_CNN_CycleLSTM_Attention_Model_v2\Spain\winter\Hybrid_CNN_CycleLSTM_Attention_Model_v2_Spain_winter_run1_emissions.csv
Hybrid_CNN_CycleLSTM_Attention_Model_v3,Denmark,summer,Hybrid_CNN_CycleLSTM_Attention_Model_v3_Denmark_summer_run1,0.0637382118581181,0.167313851839134,1470.7583761999997,C:\Users\anikk\BioNet\to py\Results\emissions\Hybrid_CNN_CycleLSTM_Attention_Model_v3\Denmark\summer\Hybrid_CNN_CycleLSTM_Attention_Model_v3_Denmark_summer_run1_emissions.csv
Hybrid_CNN_CycleLSTM_Attention_Model_v3,Denmark,winter,Hybrid_CNN_CycleLSTM_Attention_Model_v3_Denmark_winter_run1,0.0597110095506429,0.1567423797103108,1375.5568485999993,C:\Users\anikk\BioNet\to py\Results\emissions\Hybrid_CNN_CycleLSTM_Attention_Model_v3\Denmark\winter\Hybrid_CNN_CycleLSTM_Attention_Model_v3_Denmark_winter_run1_emissions.csv
Hybrid_CNN_CycleLSTM_Attention_Model_v3,Germany,summer,Hybrid_CNN_CycleLSTM_Attention_Model_v3_summer_run1,0.0659352048055013,0.1730809943706558,1519.947530999998,C:\Users\anikk\BioNet\to py\Results\emissions\Hybrid_CNN_CycleLSTM_Attention_Model_v3\Germany\summer\Hybrid_CNN_CycleLSTM_Attention_Model_v3_summer_run1_emissions.csv
Hybrid_CNN_CycleLSTM_Attention_Model_v3,Germany,winter,Hybrid_CNN_CycleLSTM_Attention_Model_v3_winter_run1,0.0451404906467851,0.1184945285386143,1034.4462863000008,C:\Users\anikk\BioNet\to py\Results\emissions\Hybrid_CNN_CycleLSTM_Attention_Model_v3\Germany\winter\Hybrid_CNN_CycleLSTM_Attention_Model_v3_winter_run1_emissions.csv
Hybrid_CNN_CycleLSTM_Attention_Model_v3,Hungary,summer,Hybrid_CNN_CycleLSTM_Attention_Model_v3_Hungary_summer_run1,0.0570004771633945,0.149627187723834,1304.633988600006,C:\Users\anikk\BioNet\to py\Results\emissions\Hybrid_CNN_CycleLSTM_Attention_Model_v3\Hungary\summer\Hybrid_CNN_CycleLSTM_Attention_Model_v3_Hungary_summer_run1_emissions.csv
Hybrid_CNN_CycleLSTM_Attention_Model_v3,Hungary,winter,Hybrid_CNN_CycleLSTM_Attention_Model_v3_Hungary_winter_run1,0.0679147908913422,0.1782774403237754,1565.602368400003,C:\Users\anikk\BioNet\to py\Results\emissions\Hybrid_CNN_CycleLSTM_Attention_Model_v3\Hungary\winter\Hybrid_CNN_CycleLSTM_Attention_Model_v3_Hungary_winter_run1_emissions.csv
Hybrid_CNN_CycleLSTM_Attention_Model_v3,Spain,summer,Hybrid_CNN_CycleLSTM_Attention_Model_v3_Spain_summer_run1,0.0602728027725451,0.1582170961347818,1386.5683127000084,C:\Users\anikk\BioNet\to py\Results\emissions\Hybrid_CNN_CycleLSTM_Attention_Model_v3\Spain\summer\Hybrid_CNN_CycleLSTM_Attention_Model_v3_Spain_summer_run1_emissions.csv
Hybrid_CNN_CycleLSTM_Attention_Model_v3,Spain,winter,Hybrid_CNN_CycleLSTM_Attention_Model_v3_Spain_winter_run1,0.0639472968162367,0.167862703284517,1474.3932573999991,C:\Users\anikk\BioNet\to py\Results\emissions\Hybrid_CNN_CycleLSTM_Attention_Model_v3\Spain\winter\Hybrid_CNN_CycleLSTM_Attention_Model_v3_Spain_winter_run1_emissions.csv
Informer_Model,Denmark,summer,Informer_Model_Denmark_summer_run1,0.061056865992989,0.1602752749520647,1409.0211117999934,C:\Users\anikk\BioNet\to py\Results\emissions\Informer_Model\Denmark\summer\Informer_Model_Denmark_summer_run1_emissions.csv
Informer_Model,Denmark,winter,Informer_Model_Denmark_winter_run1,0.036435858159206,0.09564472544745,839.8466738999996,C:\Users\anikk\BioNet\to py\Results\emissions\Informer_Model\Denmark\winter\Informer_Model_Denmark_winter_run1_emissions.csv
Informer_Model,Germany,summer,Informer_Model_summer_run1,0.0390365415908984,0.1024715621233718,900.1785717999992,C:\Users\anikk\BioNet\to py\Results\emissions\Informer_Model\Germany\summer\Informer_Model_summer_run1_emissions.csv
Informer_Model,Germany,winter,Informer_Model_winter_run1,0.0268664492486442,0.070524870058129,613.0896581999987,C:\Users\anikk\BioNet\to py\Results\emissions\Informer_Model\Germany\winter\Informer_Model_winter_run1_emissions.csv
Informer_Model,Hungary,summer,Informer_Model_Hungary_summer_run1,0.0237395211834052,0.0623166325853924,543.985637299993,C:\Users\anikk\BioNet\to py\Results\emissions\Informer_Model\Hungary\summer\Informer_Model_Hungary_summer_run1_emissions.csv
Informer_Model,Hungary,winter,Informer_Model_Hungary_winter_run1,0.0343196725586235,0.0900897035270338,791.3241297999994,C:\Users\anikk\BioNet\to py\Results\emissions\Informer_Model\Hungary\winter\Informer_Model_Hungary_winter_run1_emissions.csv
Informer_Model,Spain,summer,Informer_Model_Spain_summer_run1,0.0001513976691237,0.0636868928708634,552.9290078999911,C:\Users\anikk\BioNet\to py\Results\emissions\Informer_Model\Spain\summer\Informer_Model_Spain_summer_run1_emissions.csv
Informer_Model,Spain,winter,Informer_Model_Spain_winter_run1,0.0354232910795344,0.0929867202507795,817.1300740999977,C:\Users\anikk\BioNet\to py\Results\emissions\Informer_Model\Spain\winter\Informer_Model_Spain_winter_run1_emissions.csv
Informer_Model_v2,Denmark,summer,Informer_Model_v2_Denmark_summer_run1,0.0235510747289976,0.0618219575508535,543.5514760000005,C:\Users\anikk\BioNet\to py\Results\emissions\Informer_Model_v2\Denmark\summer\Informer_Model_v2_Denmark_summer_run1_emissions.csv
Informer_Model_v2,Denmark,winter,Informer_Model_v2_Denmark_winter_run1,0.0171502612850177,0.0450197172464045,395.4495076000021,C:\Users\anikk\BioNet\to py\Results\emissions\Informer_Model_v2\Denmark\winter\Informer_Model_v2_Denmark_winter_run1_emissions.csv
Informer_Model_v2,Germany,summer,Informer_Model_v2_summer_run1,0.0211240708878367,0.0554510326495254,487.05417520000265,C:\Users\anikk\BioNet\to py\Results\emissions\Informer_Model_v2\Germany\summer\Informer_Model_v2_summer_run1_emissions.csv
Informer_Model_v2,Germany,winter,Informer_Model_v2_winter_run1,0.018355004003515,0.0481821866478934,420.39784829999553,C:\Users\anikk\BioNet\to py\Results\emissions\Informer_Model_v2\Germany\winter\Informer_Model_v2_winter_run1_emissions.csv
Informer_Model_v2,Hungary,summer,Informer_Model_v2_Hungary_summer_run1,0.0253420198884164,0.0665232179772056,579.0202336999937,C:\Users\anikk\BioNet\to py\Results\emissions\Informer_Model_v2\Hungary\summer\Informer_Model_v2_Hungary_summer_run1_emissions.csv
Informer_Model_v2,Hungary,winter,Informer_Model_v2_Hungary_winter_run1,0.0349417516547922,0.0917226713605256,806.0043508000017,C:\Users\anikk\BioNet\to py\Results\emissions\Informer_Model_v2\Hungary\winter\Informer_Model_v2_Hungary_winter_run1_emissions.csv
Informer_Model_v2,Spain,summer,Informer_Model_v2_Spain_summer_run1,0.0001511474011299,0.0635816152202797,552.2209298999951,C:\Users\anikk\BioNet\to py\Results\emissions\Informer_Model_v2\Spain\summer\Informer_Model_v2_Spain_summer_run1_emissions.csv
Informer_Model_v2,Spain,winter,Informer_Model_v2_Spain_winter_run1,0.0216234607816122,0.0567619393138529,498.7832252000008,C:\Users\anikk\BioNet\to py\Results\emissions\Informer_Model_v2\Spain\winter\Informer_Model_v2_Spain_winter_run1_emissions.csv
Informer_Model_v3,Denmark,summer,Informer_Model_v3_Denmark_summer_run1,0.0680428003145989,0.178613467159992,1570.4684751999955,C:\Users\anikk\BioNet\to py\Results\emissions\Informer_Model_v3\Denmark\summer\Informer_Model_v3_Denmark_summer_run1_emissions.csv
Informer_Model_v3,Denmark,winter,Informer_Model_v3_Denmark_winter_run1,0.0760913862760164,0.1997411373566515,1755.2301649,C:\Users\anikk\BioNet\to py\Results\emissions\Informer_Model_v3\Denmark\winter\Informer_Model_v3_Denmark_winter_run1_emissions.csv
Informer_Model_v3,Germany,summer,Informer_Model_v3_summer_run1,0.0704221374779873,0.1848592662501308,1625.1510197999996,C:\Users\anikk\BioNet\to py\Results\emissions\Informer_Model_v3\Germany\summer\Informer_Model_v3_summer_run1_emissions.csv
Informer_Model_v3,Germany,winter,Informer_Model_v3_winter_run1,0.0634325895230314,0.1665115881953836,1453.3863767000005,C:\Users\anikk\BioNet\to py\Results\emissions\Informer_Model_v3\Germany\winter\Informer_Model_v3_winter_run1_emissions.csv
Informer_Model_v3,Hungary,summer,Informer_Model_v3_Hungary_summer_run1,0.1121040088364906,0.294274862413678,2567.9859211000003,C:\Users\anikk\BioNet\to py\Results\emissions\Informer_Model_v3\Hungary\summer\Informer_Model_v3_Hungary_summer_run1_emissions.csv
Informer_Model_v3,Hungary,winter,Informer_Model_v3_Hungary_winter_run1,0.0921340947442323,0.2418535102880491,2125.676206600001,C:\Users\anikk\BioNet\to py\Results\emissions\Informer_Model_v3\Hungary\winter\Informer_Model_v3_Hungary_winter_run1_emissions.csv
Informer_Model_v3,Spain,summer,Informer_Model_v3_Spain_summer_run1,0.0004425306834792,0.1861548093436811,1615.8800789000088,C:\Users\anikk\BioNet\to py\Results\emissions\Informer_Model_v3\Spain\summer\Informer_Model_v3_Spain_summer_run1_emissions.csv
Informer_Model_v3,Spain,winter,Informer_Model_v3_Spain_winter_run1,0.0719206448370076,0.1887928726525992,1659.5476476000003,C:\Users\anikk\BioNet\to py\Results\emissions\Informer_Model_v3\Spain\winter\Informer_Model_v3_Spain_winter_run1_emissions.csv
Mamba_Model,Denmark,summer,Mamba_Model_Denmark_summer_run1,0.0605064288128065,0.1588303683234193,1396.609556999996,C:\Users\anikk\BioNet\to py\Results\emissions\Mamba_Model\Denmark\summer\Mamba_Model_Denmark_summer_run1_emissions.csv
Mamba_Model,Denmark,winter,Mamba_Model_Denmark_winter_run1,0.0504656177008046,0.1324730744213273,1164.0531009999977,C:\Users\anikk\BioNet\to py\Results\emissions\Mamba_Model\Denmark\winter\Mamba_Model_Denmark_winter_run1_emissions.csv
Mamba_Model,Germany,summer,Mamba_Model_summer_run1,0.0592320680110364,0.15548515031116,1366.9885302000002,C:\Users\anikk\BioNet\to py\Results\emissions\Mamba_Model\Germany\summer\Mamba_Model_summer_run1_emissions.csv
Mamba_Model,Germany,winter,Mamba_Model_winter_run1,0.0642319165719374,0.1686098348128034,1471.217255800002,C:\Users\anikk\BioNet\to py\Results\emissions\Mamba_Model\Germany\winter\Mamba_Model_winter_run1_emissions.csv
Mamba_Model,Hungary,summer,Mamba_Model_Hungary_summer_run1,0.0324075061496242,0.0850702353317344,748.6518405000097,C:\Users\anikk\BioNet\to py\Results\emissions\Mamba_Model\Hungary\summer\Mamba_Model_Hungary_summer_run1_emissions.csv
Mamba_Model,Hungary,winter,Mamba_Model_Hungary_winter_run1,0.0298395203261108,0.0783292304137309,688.6996330999973,C:\Users\anikk\BioNet\to py\Results\emissions\Mamba_Model\Hungary\winter\Mamba_Model_Hungary_winter_run1_emissions.csv
Mamba_Model,Spain,summer,Mamba_Model_Spain_summer_run1,0.0003524098445617,0.1482446073782847,1286.5077279000109,C:\Users\anikk\BioNet\to py\Results\emissions\Mamba_Model\Spain\summer\Mamba_Model_Spain_summer_run1_emissions.csv
Mamba_Model,Spain,winter,Mamba_Model_Spain_winter_run1,0.0447607058119786,0.1174975871163634,1032.9478684000023,C:\Users\anikk\BioNet\to py\Results\emissions\Mamba_Model\Spain\winter\Mamba_Model_Spain_winter_run1_emissions.csv
Mamba_Model_v2,Denmark,summer,Mamba_Model_v2_Denmark_summer_run1,0.0121122706476092,0.0317949091681566,279.3896214999986,C:\Users\anikk\BioNet\to py\Results\emissions\Mamba_Model_v2\Denmark\summer\Mamba_Model_v2_Denmark_summer_run1_emissions.csv
Mamba_Model_v2,Denmark,winter,Mamba_Model_v2_Denmark_winter_run1,0.0128974304417808,0.0338559665094653,297.1664763000008,C:\Users\anikk\BioNet\to py\Results\emissions\Mamba_Model_v2\Denmark\winter\Mamba_Model_v2_Denmark_winter_run1_emissions.csv
Mamba_Model_v2,Germany,summer,Mamba_Model_v2_summer_run1,0.012177016965387,0.0319648693145743,280.7970023000016,C:\Users\anikk\BioNet\to py\Results\emissions\Mamba_Model_v2\Germany\summer\Mamba_Model_v2_summer_run1_emissions.csv
Mamba_Model_v2,Germany,winter,Mamba_Model_v2_winter_run1,0.0156888500317619,0.0411834887301795,359.48977749999904,C:\Users\anikk\BioNet\to py\Results\emissions\Mamba_Model_v2\Germany\winter\Mamba_Model_v2_winter_run1_emissions.csv
Mamba_Model_v2,Hungary,summer,Mamba_Model_v2_Hungary_summer_run1,0.0120980927986505,0.031757692082033,279.2524892999936,C:\Users\anikk\BioNet\to py\Results\emissions\Mamba_Model_v2\Hungary\summer\Mamba_Model_v2_Hungary_summer_run1_emissions.csv
Mamba_Model_v2,Hungary,winter,Mamba_Model_v2_Hungary_winter_run1,0.013727028998179,0.0360336763306972,316.4327828999958,C:\Users\anikk\BioNet\to py\Results\emissions\Mamba_Model_v2\Hungary\winter\Mamba_Model_v2_Hungary_winter_run1_emissions.csv
Mamba_Model_v2,Spain,summer,Mamba_Model_v2_Spain_summer_run1,8.473579028270173e-05,0.0356449292072659,309.3125138000032,C:\Users\anikk\BioNet\to py\Results\emissions\Mamba_Model_v2\Spain\summer\Mamba_Model_v2_Spain_summer_run1_emissions.csv
Mamba_Model_v2,Spain,winter,Mamba_Model_v2_Spain_winter_run1,0.0104710576551832,0.0274866981367195,241.55309380000108,C:\Users\anikk\BioNet\to py\Results\emissions\Mamba_Model_v2\Spain\winter\Mamba_Model_v2_Spain_winter_run1_emissions.csv
Mamba_Model_v3,Denmark,summer,Mamba_Model_v3_Denmark_summer_run1,0.0621486761684923,0.1631412945753836,1433.6695454999935,C:\Users\anikk\BioNet\to py\Results\emissions\Mamba_Model_v3\Denmark\summer\Mamba_Model_v3_Denmark_summer_run1_emissions.csv
Mamba_Model_v3,Denmark,winter,Mamba_Model_v3_Denmark_winter_run1,0.048683391846789,0.1277947023147106,1122.250197100002,C:\Users\anikk\BioNet\to py\Results\emissions\Mamba_Model_v3\Denmark\winter\Mamba_Model_v3_Denmark_winter_run1_emissions.csv
Mamba_Model_v3,Germany,summer,Mamba_Model_v3_summer_run1,0.052394919486526,0.1375375232616513,1208.8095624999987,C:\Users\anikk\BioNet\to py\Results\emissions\Mamba_Model_v3\Germany\summer\Mamba_Model_v3_summer_run1_emissions.csv
Mamba_Model_v3,Germany,winter,Mamba_Model_v3_winter_run1,0.0647954083765751,0.1700890100448225,1484.8600294999997,C:\Users\anikk\BioNet\to py\Results\emissions\Mamba_Model_v3\Germany\winter\Mamba_Model_v3_winter_run1_emissions.csv
Mamba_Model_v3,Hungary,summer,Mamba_Model_v3_Hungary_summer_run1,0.0532391546291012,0.1397536543617305,1230.2179353999963,C:\Users\anikk\BioNet\to py\Results\emissions\Mamba_Model_v3\Hungary\summer\Mamba_Model_v3_Hungary_summer_run1_emissions.csv
Mamba_Model_v3,Hungary,winter,Mamba_Model_v3_Hungary_winter_run1,0.0586472697433836,0.153950045264165,1352.704795900005,C:\Users\anikk\BioNet\to py\Results\emissions\Mamba_Model_v3\Hungary\winter\Mamba_Model_v3_Hungary_winter_run1_emissions.csv
Mamba_Model_v3,Spain,summer,Mamba_Model_v3_Spain_summer_run1,0.0003531391725972,0.1485514062658403,1288.7647940000024,C:\Users\anikk\BioNet\to py\Results\emissions\Mamba_Model_v3\Spain\summer\Mamba_Model_v3_Spain_summer_run1_emissions.csv
Mamba_Model_v3,Spain,winter,Mamba_Model_v3_Spain_winter_run1,0.048939196080239,0.1284661926243313,1128.9061507000006,C:\Users\anikk\BioNet\to py\Results\emissions\Mamba_Model_v3\Spain\winter\Mamba_Model_v3_Spain_winter_run1_emissions.csv
N_Beats_Model,Denmark,summer,N_Beats_Model_Denmark_summer_run1,0.0071084359174036,0.0186597609066901,163.88819890000013,C:\Users\anikk\BioNet\to py\Results\emissions\N_Beats_Model\Denmark\summer\N_Beats_Model_Denmark_summer_run1_emissions.csv
N_Beats_Model,Denmark,winter,N_Beats_Model_Denmark_winter_run1,0.0064399128773483,0.0169048769585203,148.44478919999892,C:\Users\anikk\BioNet\to py\Results\emissions\N_Beats_Model\Denmark\winter\N_Beats_Model_Denmark_winter_run1_emissions.csv
N_Beats_Model,Germany,summer,N_Beats_Model_summer_run1,0.0059565209359333,0.0156359651816075,137.3668738999986,C:\Users\anikk\BioNet\to py\Results\emissions\N_Beats_Model\Germany\summer\N_Beats_Model_summer_run1_emissions.csv
N_Beats_Model,Germany,winter,N_Beats_Model_winter_run1,0.0042636741681226,0.0111922146426633,97.73295439999492,C:\Users\anikk\BioNet\to py\Results\emissions\N_Beats_Model\Germany\winter\N_Beats_Model_winter_run1_emissions.csv
N_Beats_Model,Hungary,summer,N_Beats_Model_Hungary_summer_run1,0.007318638861271,0.0192115470830057,169.04597680000006,C:\Users\anikk\BioNet\to py\Results\emissions\N_Beats_Model\Hungary\summer\N_Beats_Model_Hungary_summer_run1_emissions.csv
N_Beats_Model,Hungary,winter,N_Beats_Model_Hungary_winter_run1,0.0062082577294507,0.0162967783946733,143.15090829999826,C:\Users\anikk\BioNet\to py\Results\emissions\N_Beats_Model\Hungary\winter\N_Beats_Model_Hungary_winter_run1_emissions.csv
N_Beats_Model,Spain,summer,N_Beats_Model_Spain_summer_run1,4.145200857566419e-05,0.0174371880671556,151.2476750999922,C:\Users\anikk\BioNet\to py\Results\emissions\N_Beats_Model\Spain\summer\N_Beats_Model_Spain_summer_run1_emissions.csv
N_Beats_Model,Spain,winter,N_Beats_Model_Spain_winter_run1,0.0065343008159119,0.0171526468458116,150.60323079999944,C:\Users\anikk\BioNet\to py\Results\emissions\N_Beats_Model\Spain\winter\N_Beats_Model_Spain_winter_run1_emissions.csv
N_Beats_Model_v2,Denmark,summer,N_Beats_Model_v2_Denmark_summer_run1,0.0035164345034023,0.0092306982632953,81.09092769999552,C:\Users\anikk\BioNet\to py\Results\emissions\N_Beats_Model_v2\Denmark\summer\N_Beats_Model_v2_Denmark_summer_run1_emissions.csv
N_Beats_Model_v2,Denmark,winter,N_Beats_Model_v2_Denmark_winter_run1,0.0026390675790041,0.0069275956923589,60.86019889999807,C:\Users\anikk\BioNet\to py\Results\emissions\N_Beats_Model_v2\Denmark\winter\N_Beats_Model_v2_Denmark_winter_run1_emissions.csv
N_Beats_Model_v2,Germany,summer,N_Beats_Model_v2_summer_run1,0.0032226752065838,0.0084595752896282,74.2816301999992,C:\Users\anikk\BioNet\to py\Results\emissions\N_Beats_Model_v2\Germany\summer\N_Beats_Model_v2_summer_run1_emissions.csv
N_Beats_Model_v2,Germany,winter,N_Beats_Model_v2_winter_run1,0.0028098664516848,0.0073759455353323,64.38770259999728,C:\Users\anikk\BioNet\to py\Results\emissions\N_Beats_Model_v2\Germany\winter\N_Beats_Model_v2_winter_run1_emissions.csv
N_Beats_Model_v2,Hungary,summer,N_Beats_Model_v2_Hungary_summer_run1,0.0040919062397457,0.0107413210125888,94.49606780000612,C:\Users\anikk\BioNet\to py\Results\emissions\N_Beats_Model_v2\Hungary\summer\N_Beats_Model_v2_Hungary_summer_run1_emissions.csv
N_Beats_Model_v2,Hungary,winter,N_Beats_Model_v2_Hungary_winter_run1,0.0032801904350526,0.0086105537079739,75.67496160000155,C:\Users\anikk\BioNet\to py\Results\emissions\N_Beats_Model_v2\Hungary\winter\N_Beats_Model_v2_Hungary_winter_run1_emissions.csv
N_Beats_Model_v2,Spain,summer,N_Beats_Model_v2_Spain_summer_run1,2.111823614363338e-05,0.0088835901548888,77.06651389999024,C:\Users\anikk\BioNet\to py\Results\emissions\N_Beats_Model_v2\Spain\summer\N_Beats_Model_v2_Spain_summer_run1_emissions.csv
N_Beats_Model_v2,Spain,winter,N_Beats_Model_v2_Spain_winter_run1,0.003491880388131,0.0091662433078646,80.14020030000029,C:\Users\anikk\BioNet\to py\Results\emissions\N_Beats_Model_v2\Spain\winter\N_Beats_Model_v2_Spain_winter_run1_emissions.csv
N_Beats_Model_v3,Denmark,summer,N_Beats_Model_v3_Denmark_summer_run1,0.0119159842361131,0.0312796541176353,274.7641891000021,C:\Users\anikk\BioNet\to py\Results\emissions\N_Beats_Model_v3\Denmark\summer\N_Beats_Model_v3_Denmark_summer_run1_emissions.csv
N_Beats_Model_v3,Denmark,winter,N_Beats_Model_v3_Denmark_winter_run1,0.016637441905946,0.0436735579628456,383.7159047999994,C:\Users\anikk\BioNet\to py\Results\emissions\N_Beats_Model_v3\Denmark\winter\N_Beats_Model_v3_Denmark_winter_run1_emissions.csv
N_Beats_Model_v3,Germany,summer,N_Beats_Model_v3_summer_run1,0.0121616764784069,0.03192460028457,280.0675544000005,C:\Users\anikk\BioNet\to py\Results\emissions\N_Beats_Model_v3\Germany\summer\N_Beats_Model_v3_summer_run1_emissions.csv
N_Beats_Model_v3,Germany,winter,N_Beats_Model_v3_winter_run1,0.0134200876542726,0.0352279502671548,307.6604445000048,C:\Users\anikk\BioNet\to py\Results\emissions\N_Beats_Model_v3\Germany\winter\N_Beats_Model_v3_winter_run1_emissions.csv
N_Beats_Model_v3,Hungary,summer,N_Beats_Model_v3_Hungary_summer_run1,0.0185340960620888,0.0486523062398971,428.2166641999938,C:\Users\anikk\BioNet\to py\Results\emissions\N_Beats_Model_v3\Hungary\summer\N_Beats_Model_v3_Hungary_summer_run1_emissions.csv
N_Beats_Model_v3,Hungary,winter,N_Beats_Model_v3_Hungary_winter_run1,0.0103852322782568,0.027261405114206,239.5434153999959,C:\Users\anikk\BioNet\to py\Results\emissions\N_Beats_Model_v3\Hungary\winter\N_Beats_Model_v3_Hungary_winter_run1_emissions.csv
N_Beats_Model_v3,Spain,summer,N_Beats_Model_v3_Spain_summer_run1,9.238469472475156e-05,0.038862514792299,337.1800654000108,C:\Users\anikk\BioNet\to py\Results\emissions\N_Beats_Model_v3\Spain\summer\N_Beats_Model_v3_Spain_summer_run1_emissions.csv
N_Beats_Model_v3,Spain,winter,N_Beats_Model_v3_Spain_winter_run1,0.014341794747533,0.0376474465088148,330.7331766999996,C:\Users\anikk\BioNet\to py\Results\emissions\N_Beats_Model_v3\Spain\winter\N_Beats_Model_v3_Spain_winter_run1_emissions.csv
PatchTST_Model,Denmark,summer,PatchTST_Model_Denmark_summer_run1,0.0090905274724783,0.0238627837576542,209.63220939999883,C:\Users\anikk\BioNet\to py\Results\emissions\PatchTST_Model\Denmark\summer\PatchTST_Model_Denmark_summer_run1_emissions.csv
PatchTST_Model,Denmark,winter,PatchTST_Model_Denmark_winter_run1,0.0087381054207806,0.0229376700899873,201.50490679999712,C:\Users\anikk\BioNet\to py\Results\emissions\PatchTST_Model\Denmark\winter\PatchTST_Model_Denmark_winter_run1_emissions.csv
PatchTST_Model,Germany,summer,PatchTST_Model_summer_run1,0.0076252676989305,0.0200164528125227,175.86454500000036,C:\Users\anikk\BioNet\to py\Results\emissions\PatchTST_Model\Germany\summer\PatchTST_Model_summer_run1_emissions.csv
PatchTST_Model,Germany,winter,PatchTST_Model_winter_run1,0.0140532252726419,0.0368899469028533,322.1344289999979,C:\Users\anikk\BioNet\to py\Results\emissions\PatchTST_Model\Germany\winter\PatchTST_Model_winter_run1_emissions.csv
PatchTST_Model,Hungary,summer,PatchTST_Model_Hungary_summer_run1,0.0161054905091562,0.0422771768188902,372.33879680000246,C:\Users\anikk\BioNet\to py\Results\emissions\PatchTST_Model\Hungary\summer\PatchTST_Model_Hungary_summer_run1_emissions.csv
PatchTST_Model,Hungary,winter,PatchTST_Model_Hungary_winter_run1,0.0606425972311939,0.1591878126557132,1398.284044,C:\Users\anikk\BioNet\to py\Results\emissions\PatchTST_Model\Hungary\winter\PatchTST_Model_Hungary_winter_run1_emissions.csv
PatchTST_Model,Spain,summer,PatchTST_Model_Spain_summer_run1,0.0001381521299187,0.0581150287777682,504.41501860000426,C:\Users\anikk\BioNet\to py\Results\emissions\PatchTST_Model\Spain\summer\PatchTST_Model_Spain_summer_run1_emissions.csv
PatchTST_Model,Spain,winter,PatchTST_Model_Spain_winter_run1,0.0075185022564535,0.0197361917743891,173.39833230000295,C:\Users\anikk\BioNet\to py\Results\emissions\PatchTST_Model\Spain\winter\PatchTST_Model_Spain_winter_run1_emissions.csv
PatchTST_Model_v2,Denmark,summer,PatchTST_Model_v2_Denmark_summer_run1,0.0071028914596208,0.0186452066140459,163.8166715999978,C:\Users\anikk\BioNet\to py\Results\emissions\PatchTST_Model_v2\Denmark\summer\PatchTST_Model_v2_Denmark_summer_run1_emissions.csv
PatchTST_Model_v2,Denmark,winter,PatchTST_Model_v2_Denmark_winter_run1,0.0053303659843971,0.013992298160906,122.9455683999986,C:\Users\anikk\BioNet\to py\Results\emissions\PatchTST_Model_v2\Denmark\winter\PatchTST_Model_v2_Denmark_winter_run1_emissions.csv
PatchTST_Model_v2,Germany,summer,PatchTST_Model_v2_summer_run1,0.0073712421083306,0.0193496314695645,169.9556248000008,C:\Users\anikk\BioNet\to py\Results\emissions\PatchTST_Model_v2\Germany\summer\PatchTST_Model_v2_summer_run1_emissions.csv
PatchTST_Model_v2,Germany,winter,PatchTST_Model_v2_winter_run1,0.006618448749257,0.0173735365514032,151.63634750000347,C:\Users\anikk\BioNet\to py\Results\emissions\PatchTST_Model_v2\Germany\winter\PatchTST_Model_v2_winter_run1_emissions.csv
PatchTST_Model_v2,Hungary,summer,PatchTST_Model_v2_Hungary_summer_run1,0.0055967933798613,0.0146916744451014,129.35522250000213,C:\Users\anikk\BioNet\to py\Results\emissions\PatchTST_Model_v2\Hungary\summer\PatchTST_Model_v2_Hungary_summer_run1_emissions.csv
PatchTST_Model_v2,Hungary,winter,PatchTST_Model_v2_Hungary_winter_run1,0.0050798411477752,0.0133346663545746,117.15361609999673,C:\Users\anikk\BioNet\to py\Results\emissions\PatchTST_Model_v2\Hungary\winter\PatchTST_Model_v2_Hungary_winter_run1_emissions.csv
PatchTST_Model_v2,Spain,summer,PatchTST_Model_v2_Spain_summer_run1,4.154542388013742e-05,0.0174764841179001,151.6591810999962,C:\Users\anikk\BioNet\to py\Results\emissions\PatchTST_Model_v2\Spain\summer\PatchTST_Model_v2_Spain_summer_run1_emissions.csv
PatchTST_Model_v2,Spain,winter,PatchTST_Model_v2_Spain_winter_run1,0.0068141118639559,0.0178871554376059,157.21240190000026,C:\Users\anikk\BioNet\to py\Results\emissions\PatchTST_Model_v2\Spain\winter\PatchTST_Model_v2_Spain_winter_run1_emissions.csv
PatchTST_Model_v3,Denmark,summer,PatchTST_Model_v3_Denmark_summer_run1,0.0100156024249834,0.0262911206850859,231.07973070000295,C:\Users\anikk\BioNet\to py\Results\emissions\PatchTST_Model_v3\Denmark\summer\PatchTST_Model_v3_Denmark_summer_run1_emissions.csv
PatchTST_Model_v3,Denmark,winter,PatchTST_Model_v3_Denmark_winter_run1,0.0131734424160226,0.0345805024701999,303.6259776000006,C:\Users\anikk\BioNet\to py\Results\emissions\PatchTST_Model_v3\Denmark\winter\PatchTST_Model_v3_Denmark_winter_run1_emissions.csv
PatchTST_Model_v3,Germany,summer,PatchTST_Model_v3_summer_run1,0.0096805532250004,0.0254116110381952,223.2115828000024,C:\Users\anikk\BioNet\to py\Results\emissions\PatchTST_Model_v3\Germany\summer\PatchTST_Model_v3_summer_run1_emissions.csv
PatchTST_Model_v3,Germany,winter,PatchTST_Model_v3_winter_run1,0.011649652243062,0.0305805282663395,266.85879980000027,C:\Users\anikk\BioNet\to py\Results\emissions\PatchTST_Model_v3\Germany\winter\PatchTST_Model_v3_winter_run1_emissions.csv
PatchTST_Model_v3,Hungary,summer,PatchTST_Model_v3_Hungary_summer_run1,0.0146655696463546,0.0384973609301866,338.9115346999897,C:\Users\anikk\BioNet\to py\Results\emissions\PatchTST_Model_v3\Hungary\summer\PatchTST_Model_v3_Hungary_summer_run1_emissions.csv
PatchTST_Model_v3,Hungary,winter,PatchTST_Model_v3_Hungary_winter_run1,0.0083929354401794,0.0220315932279286,192.97138839999388,C:\Users\anikk\BioNet\to py\Results\emissions\PatchTST_Model_v3\Hungary\winter\PatchTST_Model_v3_Hungary_winter_run1_emissions.csv
PatchTST_Model_v3,Spain,summer,PatchTST_Model_v3_Spain_summer_run1,7.614434388320142e-05,0.0320308542375689,278.0504152999929,C:\Users\anikk\BioNet\to py\Results\emissions\PatchTST_Model_v3\Spain\summer\PatchTST_Model_v3_Spain_summer_run1_emissions.csv
PatchTST_Model_v3,Spain,winter,PatchTST_Model_v3_Spain_winter_run1,0.0088374252394902,0.0231983862435758,200.8367924999984,C:\Users\anikk\BioNet\to py\Results\emissions\PatchTST_Model_v3\Spain\winter\PatchTST_Model_v3_Spain_winter_run1_emissions.csv
Robust_Improved_Hybrid_Model,Denmark,summer,Robust_Improved_Hybrid_Model_Denmark_summer_run1,0.1595606051001352,0.4188492061953938,3669.6859237000026,C:\Users\anikk\BioNet\to py\Results\emissions\Robust_Improved_Hybrid_Model\Denmark\summer\Robust_Improved_Hybrid_Model_Denmark_summer_run1_emissions.csv
Robust_Improved_Hybrid_Model,Denmark,winter,Robust_Improved_Hybrid_Model_Denmark_winter_run1,0.0228031715332076,0.0598586993915411,525.7236001000019,C:\Users\anikk\BioNet\to py\Results\emissions\Robust_Improved_Hybrid_Model\Denmark\winter\Robust_Improved_Hybrid_Model_Denmark_winter_run1_emissions.csv
Robust_Improved_Hybrid_Model,Germany,summer,Robust_Improved_Hybrid_Model_summer_run1,0.0475424649365118,0.124799750456784,1096.7557454000016,C:\Users\anikk\BioNet\to py\Results\emissions\Robust_Improved_Hybrid_Model\Germany\summer\Robust_Improved_Hybrid_Model_summer_run1_emissions.csv
Robust_Improved_Hybrid_Model,Germany,winter,Robust_Improved_Hybrid_Model_winter_run1,0.0247160358254878,0.0648799995419028,566.2751831999994,C:\Users\anikk\BioNet\to py\Results\emissions\Robust_Improved_Hybrid_Model\Germany\winter\Robust_Improved_Hybrid_Model_winter_run1_emissions.csv
Robust_Improved_Hybrid_Model,Hungary,summer,Robust_Improved_Hybrid_Model_Hungary_summer_run1,0.030602917920821,0.0803331616244153,707.5267422999896,C:\Users\anikk\BioNet\to py\Results\emissions\Robust_Improved_Hybrid_Model\Hungary\summer\Robust_Improved_Hybrid_Model_Hungary_summer_run1_emissions.csv
Robust_Improved_Hybrid_Model,Hungary,winter,Robust_Improved_Hybrid_Model_Hungary_winter_run1,0.19028646839308289,0.49950510143872673,2305.5218642,C:\Users\anikk\BioNet\to py\Results\emissions\Robust_Improved_Hybrid_Model\Hungary\winter\Robust_Improved_Hybrid_Model_Hungary_winter_run1_emissions.csv
Robust_Improved_Hybrid_Model,Spain,summer,Robust_Improved_Hybrid_Model_Spain_summer_run1,0.0005289243911995,0.222497157545851,1930.6388777999964,C:\Users\anikk\BioNet\to py\Results\emissions\Robust_Improved_Hybrid_Model\Spain\summer\Robust_Improved_Hybrid_Model_Spain_summer_run1_emissions.csv
Robust_Improved_Hybrid_Model,Spain,winter,Robust_Improved_Hybrid_Model_Spain_winter_run1,0.0405849408440869,0.1065361355665754,929.4960235,C:\Users\anikk\BioNet\to py\Results\emissions\Robust_Improved_Hybrid_Model\Spain\winter\Robust_Improved_Hybrid_Model_Spain_winter_run1_emissions.csv
Robust_Improved_Hybrid_Model_v2,Denmark,summer,Robust_Improved_Hybrid_Model_v2_Denmark_summer_run1,0.0502475085792632,0.1319005343989059,1139.4998326999994,C:\Users\anikk\BioNet\to py\Results\emissions\Robust_Improved_Hybrid_Model_v2\Denmark\summer\Robust_Improved_Hybrid_Model_v2_Denmark_summer_run1_emissions.csv
Robust_Improved_Hybrid_Model_v2,Denmark,winter,Robust_Improved_Hybrid_Model_v2_Denmark_winter_run1,0.0621931885493717,0.1632581403054778,1433.4976025999968,C:\Users\anikk\BioNet\to py\Results\emissions\Robust_Improved_Hybrid_Model_v2\Denmark\winter\Robust_Improved_Hybrid_Model_v2_Denmark_winter_run1_emissions.csv
Robust_Improved_Hybrid_Model_v2,Germany,summer,Robust_Improved_Hybrid_Model_v2_summer_run1,0.0498985038930678,0.1309843913717491,1151.4342894,C:\Users\anikk\BioNet\to py\Results\emissions\Robust_Improved_Hybrid_Model_v2\Germany\summer\Robust_Improved_Hybrid_Model_v2_summer_run1_emissions.csv
Robust_Improved_Hybrid_Model_v2,Germany,winter,Robust_Improved_Hybrid_Model_v2_winter_run1,0.0524543293187081,0.137693475045828,1201.4766543000003,C:\Users\anikk\BioNet\to py\Results\emissions\Robust_Improved_Hybrid_Model_v2\Germany\winter\Robust_Improved_Hybrid_Model_v2_winter_run1_emissions.csv
Robust_Improved_Hybrid_Model_v2,Hungary,summer,Robust_Improved_Hybrid_Model_v2_Hungary_summer_run1,0.0440320557069169,0.1155848686360858,1017.7812107999926,C:\Users\anikk\BioNet\to py\Results\emissions\Robust_Improved_Hybrid_Model_v2\Hungary\summer\Robust_Improved_Hybrid_Model_v2_Hungary_summer_run1_emissions.csv
Robust_Improved_Hybrid_Model_v2,Hungary,winter,Robust_Improved_Hybrid_Model_v2_Hungary_winter_run1,0.0395452179378911,0.1038068458797509,912.3821604999976,C:\Users\anikk\BioNet\to py\Results\emissions\Robust_Improved_Hybrid_Model_v2\Hungary\winter\Robust_Improved_Hybrid_Model_v2_Hungary_winter_run1_emissions.csv
Robust_Improved_Hybrid_Model_v2,Spain,summer,Robust_Improved_Hybrid_Model_v2_Spain_summer_run1,0.0002535267509638,0.1066484782888556,925.2851978000108,C:\Users\anikk\BioNet\to py\Results\emissions\Robust_Improved_Hybrid_Model_v2\Spain\summer\Robust_Improved_Hybrid_Model_v2_Spain_summer_run1_emissions.csv
Robust_Improved_Hybrid_Model_v2,Spain,winter,Robust_Improved_Hybrid_Model_v2_Spain_winter_run1,0.0336039718182341,0.088210977341473,769.2641651999984,C:\Users\anikk\BioNet\to py\Results\emissions\Robust_Improved_Hybrid_Model_v2\Spain\winter\Robust_Improved_Hybrid_Model_v2_Spain_winter_run1_emissions.csv
Temporal_Fusion_Transformer_Model,Denmark,summer,Temporal_Fusion_Transformer_Model_Denmark_summer_run1,0.0497275689679813,0.1305356843889785,1117.4043932999994,C:\Users\anikk\BioNet\to py\Results\emissions\Temporal_Fusion_Transformer_Model\Denmark\summer\Temporal_Fusion_Transformer_Model_Denmark_summer_run1_emissions.csv
Temporal_Fusion_Transformer_Model,Denmark,winter,Temporal_Fusion_Transformer_Model_Denmark_winter_run1,0.0451289537155953,0.1184642439049622,1040.493691900003,C:\Users\anikk\BioNet\to py\Results\emissions\Temporal_Fusion_Transformer_Model\Denmark\winter\Temporal_Fusion_Transformer_Model_Denmark_winter_run1_emissions.csv
Temporal_Fusion_Transformer_Model,Germany,summer,Temporal_Fusion_Transformer_Model_summer_run1,0.0539010330600831,0.141491096102069,1243.695974400005,C:\Users\anikk\BioNet\to py\Results\emissions\Temporal_Fusion_Transformer_Model\Germany\summer\Temporal_Fusion_Transformer_Model_summer_run1_emissions.csv
Temporal_Fusion_Transformer_Model,Germany,winter,Temporal_Fusion_Transformer_Model_winter_run1,0.0554669243275781,0.1456015863698074,1270.2192681000015,C:\Users\anikk\BioNet\to py\Results\emissions\Temporal_Fusion_Transformer_Model\Germany\winter\Temporal_Fusion_Transformer_Model_winter_run1_emissions.csv
Temporal_Fusion_Transformer_Model,Hungary,summer,Temporal_Fusion_Transformer_Model_Hungary_summer_run1,0.1486136309517466,0.3901132194559564,3434.5632567,C:\Users\anikk\BioNet\to py\Results\emissions\Temporal_Fusion_Transformer_Model\Hungary\summer\Temporal_Fusion_Transformer_Model_Hungary_summer_run1_emissions.csv
Temporal_Fusion_Transformer_Model,Hungary,winter,Temporal_Fusion_Transformer_Model_Hungary_winter_run1,0.0392103201266468,0.102927733630783,904.811643699999,C:\Users\anikk\BioNet\to py\Results\emissions\Temporal_Fusion_Transformer_Model\Hungary\winter\Temporal_Fusion_Transformer_Model_Hungary_winter_run1_emissions.csv
Temporal_Fusion_Transformer_Model,Spain,summer,Temporal_Fusion_Transformer_Model_Spain_summer_run1,0.0003621438571361,0.1523393138530891,1321.575893000001,C:\Users\anikk\BioNet\to py\Results\emissions\Temporal_Fusion_Transformer_Model\Spain\summer\Temporal_Fusion_Transformer_Model_Spain_summer_run1_emissions.csv
Temporal_Fusion_Transformer_Model,Spain,winter,Temporal_Fusion_Transformer_Model_Spain_winter_run1,0.0475824052333544,0.1249045943912702,1089.4306665000004,C:\Users\anikk\BioNet\to py\Results\emissions\Temporal_Fusion_Transformer_Model\Spain\winter\Temporal_Fusion_Transformer_Model_Spain_winter_run1_emissions.csv
Temporal_Fusion_Transformer_Model_v2,Denmark,summer,Temporal_Fusion_Transformer_Model_v2_Denmark_summer_run1,0.0292265183797412,0.0767200902473847,659.0856163999997,C:\Users\anikk\BioNet\to py\Results\emissions\Temporal_Fusion_Transformer_Model_v2\Denmark\summer\Temporal_Fusion_Transformer_Model_v2_Denmark_summer_run1_emissions.csv
Temporal_Fusion_Transformer_Model_v2,Denmark,winter,Temporal_Fusion_Transformer_Model_v2_Denmark_winter_run1,0.0223644047021025,0.0587069292613271,515.2762124000001,C:\Users\anikk\BioNet\to py\Results\emissions\Temporal_Fusion_Transformer_Model_v2\Denmark\winter\Temporal_Fusion_Transformer_Model_v2_Denmark_winter_run1_emissions.csv
Temporal_Fusion_Transformer_Model_v2,Germany,summer,Temporal_Fusion_Transformer_Model_v2_summer_run1,0.0298874561737037,0.0784550628001149,688.8905109999978,C:\Users\anikk\BioNet\to py\Results\emissions\Temporal_Fusion_Transformer_Model_v2\Germany\summer\Temporal_Fusion_Transformer_Model_v2_summer_run1_emissions.csv
Temporal_Fusion_Transformer_Model_v2,Germany,winter,Temporal_Fusion_Transformer_Model_v2_winter_run1,0.0218261662395742,0.0572940444666603,503.11920930000633,C:\Users\anikk\BioNet\to py\Results\emissions\Temporal_Fusion_Transformer_Model_v2\Germany\winter\Temporal_Fusion_Transformer_Model_v2_winter_run1_emissions.csv
Temporal_Fusion_Transformer_Model_v2,Hungary,summer,Temporal_Fusion_Transformer_Model_v2_Hungary_summer_run1,0.029606851894083,0.0777184719624177,684.0104053999967,C:\Users\anikk\BioNet\to py\Results\emissions\Temporal_Fusion_Transformer_Model_v2\Hungary\summer\Temporal_Fusion_Transformer_Model_v2_Hungary_summer_run1_emissions.csv
Temporal_Fusion_Transformer_Model_v2,Hungary,winter,Temporal_Fusion_Transformer_Model_v2_Hungary_winter_run1,0.0356672537852718,0.0936271263558782,822.286167600003,C:\Users\anikk\BioNet\to py\Results\emissions\Temporal_Fusion_Transformer_Model_v2\Hungary\winter\Temporal_Fusion_Transformer_Model_v2_Hungary_winter_run1_emissions.csv
Temporal_Fusion_Transformer_Model_v2,Spain,summer,Temporal_Fusion_Transformer_Model_v2_Spain_summer_run1,0.0001706823016466,0.0717991599397292,622.7822056000005,C:\Users\anikk\BioNet\to py\Results\emissions\Temporal_Fusion_Transformer_Model_v2\Spain\summer\Temporal_Fusion_Transformer_Model_v2_Spain_summer_run1_emissions.csv
Temporal_Fusion_Transformer_Model_v2,Spain,winter,Temporal_Fusion_Transformer_Model_v2_Spain_winter_run1,0.0259207378622419,0.0680423621531486,593.4640605999994,C:\Users\anikk\BioNet\to py\Results\emissions\Temporal_Fusion_Transformer_Model_v2\Spain\winter\Temporal_Fusion_Transformer_Model_v2_Spain_winter_run1_emissions.csv
Temporal_Fusion_Transformer_Model_v3,Denmark,summer,Temporal_Fusion_Transformer_Model_v3_Denmark_summer_run1,0.0511348492666222,0.1342298182612475,1149.9706754,C:\Users\anikk\BioNet\to py\Results\emissions\Temporal_Fusion_Transformer_Model_v3\Denmark\summer\Temporal_Fusion_Transformer_Model_v3_Denmark_summer_run1_emissions.csv
Temporal_Fusion_Transformer_Model_v3,Denmark,winter,Temporal_Fusion_Transformer_Model_v3_Denmark_winter_run1,0.0659050801208967,0.1730019165793325,1518.4080699999977,C:\Users\anikk\BioNet\to py\Results\emissions\Temporal_Fusion_Transformer_Model_v3\Denmark\winter\Temporal_Fusion_Transformer_Model_v3_Denmark_winter_run1_emissions.csv
Temporal_Fusion_Transformer_Model_v3,Germany,summer,Temporal_Fusion_Transformer_Model_v3_summer_run1,0.0420982926115114,0.1105087087846474,970.4111063000018,C:\Users\anikk\BioNet\to py\Results\emissions\Temporal_Fusion_Transformer_Model_v3\Germany\summer\Temporal_Fusion_Transformer_Model_v3_summer_run1_emissions.csv
Temporal_Fusion_Transformer_Model_v3,Germany,winter,Temporal_Fusion_Transformer_Model_v3_winter_run1,0.0560580984253202,0.147153428075391,1292.6790032999995,C:\Users\anikk\BioNet\to py\Results\emissions\Temporal_Fusion_Transformer_Model_v3\Germany\winter\Temporal_Fusion_Transformer_Model_v3_winter_run1_emissions.csv
Temporal_Fusion_Transformer_Model_v3,Hungary,summer,Temporal_Fusion_Transformer_Model_v3_Hungary_summer_run1,0.068378019550296,0.1794934231534219,1580.6122950999998,C:\Users\anikk\BioNet\to py\Results\emissions\Temporal_Fusion_Transformer_Model_v3\Hungary\summer\Temporal_Fusion_Transformer_Model_v3_Hungary_summer_run1_emissions.csv
Temporal_Fusion_Transformer_Model_v3,Hungary,winter,Temporal_Fusion_Transformer_Model_v3_Hungary_winter_run1,0.0367500546730744,0.0964694964511733,847.3480039999995,C:\Users\anikk\BioNet\to py\Results\emissions\Temporal_Fusion_Transformer_Model_v3\Hungary\winter\Temporal_Fusion_Transformer_Model_v3_Hungary_winter_run1_emissions.csv
Temporal_Fusion_Transformer_Model_v3,Spain,summer,Temporal_Fusion_Transformer_Model_v3_Spain_summer_run1,0.0003145962772612,0.1323379648013568,1147.996592800002,C:\Users\anikk\BioNet\to py\Results\emissions\Temporal_Fusion_Transformer_Model_v3\Spain\summer\Temporal_Fusion_Transformer_Model_v3_Spain_summer_run1_emissions.csv
Temporal_Fusion_Transformer_Model_v3,Spain,winter,Temporal_Fusion_Transformer_Model_v3_Spain_winter_run1,0.0588406922294913,0.154457782463555,1346.9540978999976,C:\Users\anikk\BioNet\to py\Results\emissions\Temporal_Fusion_Transformer_Model_v3\Spain\winter\Temporal_Fusion_Transformer_Model_v3_Spain_winter_run1_emissions.csv
Transformer_Model,Denmark,summer,Transformer_Model_Denmark_summer_run1,0.0958717605055811,0.2516649442330521,2155.661099900004,C:\Users\anikk\BioNet\to py\Results\emissions\Transformer_Model\Denmark\summer\Transformer_Model_Denmark_summer_run1_emissions.csv
Transformer_Model,Denmark,winter,Transformer_Model_Denmark_winter_run1,0.0906562928834375,0.2379742561581245,2089.583853100001,C:\Users\anikk\BioNet\to py\Results\emissions\Transformer_Model\Denmark\winter\Transformer_Model_Denmark_winter_run1_emissions.csv
Transformer_Model,Germany,summer,Transformer_Model_summer_run1,0.0751143691796163,0.1971764514493145,1731.5960866000023,C:\Users\anikk\BioNet\to py\Results\emissions\Transformer_Model\Germany\summer\Transformer_Model_summer_run1_emissions.csv
Transformer_Model,Germany,winter,Transformer_Model_winter_run1,0.1254738592219616,0.3293709390260183,2896.5304971000005,C:\Users\anikk\BioNet\to py\Results\emissions\Transformer_Model\Germany\winter\Transformer_Model_winter_run1_emissions.csv
Transformer_Model,Hungary,summer,Transformer_Model_Hungary_summer_run1,0.1774322684164874,0.465762615609627,4065.136923800004,C:\Users\anikk\BioNet\to py\Results\emissions\Transformer_Model\Hungary\summer\Transformer_Model_Hungary_summer_run1_emissions.csv
Transformer_Model,Hungary,winter,Transformer_Model_Hungary_winter_run1,0.1483200130980236,0.3893424677727356,3422.3588048999954,C:\Users\anikk\BioNet\to py\Results\emissions\Transformer_Model\Hungary\winter\Transformer_Model_Hungary_winter_run1_emissions.csv
Transformer_Model,Spain,summer,Transformer_Model_Spain_summer_run1,0.0004627787303784,0.1946723459819597,1689.1616276999848,C:\Users\anikk\BioNet\to py\Results\emissions\Transformer_Model\Spain\summer\Transformer_Model_Spain_summer_run1_emissions.csv
Transformer_Model,Spain,winter,Transformer_Model_Spain_winter_run1,0.0645530414949158,0.1694527930041103,1478.0557851000012,C:\Users\anikk\BioNet\to py\Results\emissions\Transformer_Model\Spain\winter\Transformer_Model_Spain_winter_run1_emissions.csv
Transformer_Model_v2,Denmark,summer,Transformer_Model_v2_Denmark_summer_run1,0.0596792522928083,0.1566590163874742,1338.5027877999964,C:\Users\anikk\BioNet\to py\Results\emissions\Transformer_Model_v2\Denmark\summer\Transformer_Model_v2_Denmark_summer_run1_emissions.csv
Transformer_Model_v2,Denmark,winter,Transformer_Model_v2_Denmark_winter_run1,0.0342658265900795,0.0899483569761899,790.0805040999985,C:\Users\anikk\BioNet\to py\Results\emissions\Transformer_Model_v2\Denmark\winter\Transformer_Model_v2_Denmark_winter_run1_emissions.csv
Transformer_Model_v2,Germany,summer,Transformer_Model_v2_summer_run1,0.0427747334226856,0.1122843770119062,974.7277118999992,C:\Users\anikk\BioNet\to py\Results\emissions\Transformer_Model_v2\Germany\summer\Transformer_Model_v2_summer_run1_emissions.csv
Transformer_Model_v2,Germany,winter,Transformer_Model_v2_winter_run1,0.0365381731562973,0.0959133039934305,842.629299799999,C:\Users\anikk\BioNet\to py\Results\emissions\Transformer_Model_v2\Germany\winter\Transformer_Model_v2_winter_run1_emissions.csv
Transformer_Model_v2,Hungary,summer,Transformer_Model_v2_Hungary_summer_run1,0.0496947551280655,0.130449547520844,1137.2390171000006,C:\Users\anikk\BioNet\to py\Results\emissions\Transformer_Model_v2\Hungary\summer\Transformer_Model_v2_Hungary_summer_run1_emissions.csv
Transformer_Model_v2,Hungary,winter,Transformer_Model_v2_Hungary_winter_run1,0.0590186479604186,0.1549249191768437,1362.0501853000023,C:\Users\anikk\BioNet\to py\Results\emissions\Transformer_Model_v2\Hungary\winter\Transformer_Model_v2_Hungary_winter_run1_emissions.csv
Transformer_Model_v2,Spain,summer,Transformer_Model_v2_Spain_summer_run1,0.0002277247230428,0.09579460585104,831.3905759000045,C:\Users\anikk\BioNet\to py\Results\emissions\Transformer_Model_v2\Spain\summer\Transformer_Model_v2_Spain_summer_run1_emissions.csv
Transformer_Model_v2,Spain,winter,Transformer_Model_v2_Spain_winter_run1,0.0001790179841484,0.0753056453537517,656.7028624999984,C:\Users\anikk\BioNet\to py\Results\emissions\Transformer_Model_v2\Spain\winter\Transformer_Model_v2_Spain_winter_run1_emissions.csv
Transformer_Model_v3,Denmark,summer,Transformer_Model_v3_Denmark_summer_run1,1.0763328227980786,2.825391318540697,24590.4428027,C:\Users\anikk\BioNet\to py\Results\emissions\Transformer_Model_v3\Denmark\summer\Transformer_Model_v3_Denmark_summer_run1_emissions.csv
Transformer_Model_v3,Denmark,winter,Transformer_Model_v3_Denmark_winter_run1,0.5993473592859838,1.5732966512297777,13834.534697599996,C:\Users\anikk\BioNet\to py\Results\emissions\Transformer_Model_v3\Denmark\winter\Transformer_Model_v3_Denmark_winter_run1_emissions.csv
Transformer_Model_v3,Germany,summer,Transformer_Model_v3_summer_run1,0.671470408388989,1.762620838401336,15273.9316023,C:\Users\anikk\BioNet\to py\Results\emissions\Transformer_Model_v3\Germany\summer\Transformer_Model_v3_summer_run1_emissions.csv
Transformer_Model_v3,Germany,winter,Transformer_Model_v3_winter_run1,0.6314659278020867,1.6576084205331056,14590.400748599995,C:\Users\anikk\BioNet\to py\Results\emissions\Transformer_Model_v3\Germany\winter\Transformer_Model_v3_winter_run1_emissions.csv
Transformer_Model_v3,Hungary,summer,Transformer_Model_v3_Hungary_summer_run1,0.6556122646915442,1.7209929510212474,15037.481670499985,C:\Users\anikk\BioNet\to py\Results\emissions\Transformer_Model_v3\Hungary\summer\Transformer_Model_v3_Hungary_summer_run1_emissions.csv
Transformer_Model_v3,Hungary,winter,Transformer_Model_v3_Hungary_winter_run1,0.5606649362648936,1.4717546561619466,12969.215307200007,C:\Users\anikk\BioNet\to py\Results\emissions\Transformer_Model_v3\Hungary\winter\Transformer_Model_v3_Hungary_winter_run1_emissions.csv
Transformer_Model_v3,Spain,summer,Transformer_Model_v3_Spain_summer_run1,0.0039020974052911,1.6414549897678237,14240.596693500003,C:\Users\anikk\BioNet\to py\Results\emissions\Transformer_Model_v3\Spain\summer\Transformer_Model_v3_Spain_summer_run1_emissions.csv
Transformer_Model_v3,Spain,winter,Transformer_Model_v3_Spain_winter_run1,0.6853423770781258,1.7990349837987292,15571.304604999998,C:\Users\anikk\BioNet\to py\Results\emissions\Transformer_Model_v3\Spain\winter\Transformer_Model_v3_Spain_winter_run1_emissions.csv
